,a,b,c
0,0.0009022728295243,0.1971315381333755,2.156932267410213
1,0.0006982812466401,0.2537057791678628,257.95661392723173
2,0.0008037296168039,0.3660018555032004,224.4640049618327
3,0.000682705723954,0.2127763070685663,232.58095001073235
4,0.0007652428117288,0.2321172460800254,31.79091613735692
5,0.0003869067938853,0.4371077610139308,39.046298939117584
6,0.0014232963594845,-0.0921012521301225,2.881360066196164
7,0.001006339537365,-0.0196924017787205,-2.048739522418072
8,0.0013782598296478,-0.1747385177672344,4.110036572472804
9,0.0013146595783329,0.031371733369066,33.70881102346673
10,0.0016905877372214,0.0527352034968431,-0.2067718463130006
11,0.0008737827447267,0.3949140402817179,107.33356128975508
12,0.0009981769043798,0.1393132473637635,1.6694469630044364
13,0.0013253320991136,-0.1617255346536193,3.595846819317548
14,0.0015747920334567,-0.05316948251487,26.498207322022864
15,0.0007489812240704,0.4038248653098363,-2.9710563054500465
16,0.0011100990005104,0.046243088089366,-1.804607298239497
17,0.0013852979816345,0.0592517153153576,59.32345308410443
18,0.0005883172621477,0.2644878070113852,40.73165720813121
19,0.0009024596113365,0.3066698009648962,127.6285559499473
20,0.0009574735278998,0.1701277667803881,-1.094716689611643
21,0.0006561205345533,0.241224313267967,310.02644774996486
22,0.0007361196905188,0.4032179065615169,258.24761827922606
23,0.0006644574814677,0.2102281040040716,261.18192447754166
24,0.0008199287066235,0.2191080327235453,46.02837288285465
25,0.0003904724148093,0.4229273848077648,42.73668448066985
26,0.0013774404424452,-0.1021707132223491,3.472896571762503
27,0.0010067393610408,-0.049715857025453,-0.947762935722508
28,0.0013620698755291,-0.2046089007958171,5.541481493025829
29,0.0013215961369631,0.0368629392434737,36.21968648029153
30,0.0018431204920928,0.0040315261858214,-0.9567072011063568
31,0.0007685018959692,0.449841721628319,121.04062179568542
32,0.0010414559037943,0.1088601424096998,3.355502122063987
33,0.0012739472732351,-0.1759722833949722,4.518785404573853
34,0.0015560475030833,-0.026446624138916,20.530644972026376
35,0.0007882187870082,0.3771100491611768,-0.2593109973540171
36,0.0014023185006479,-0.1060427648254591,2.144925128252268
37,0.0013807734823817,0.0588474081954679,68.22474118912336
38,0.0005733520677779,0.2430720929299659,60.39664318329056
39,0.0009731851321677,0.262733296470567,172.93333784119045
40,0.000992548065109,0.1658172239766817,1.908496041861892
41,0.0010181676903089,0.1296600917261651,203.46860823539703
42,0.0010417445162612,0.2762252699445217,184.8133916831272
43,0.0009316738965908,0.1481927408450826,192.53193742687404
44,0.0007128757943819,0.2531807631757536,12.02839862405113
45,0.0006080285801516,0.4210309965731654,27.31792628362764
46,0.0015795702929483,-0.1579510562480424,5.099272463047788
47,0.0012824913359976,-0.1525050865260979,3.29420765645885
48,0.0016870270902685,-0.3092340512257179,9.816033245292587
49,0.001557613797965,-0.0546233205349708,28.559912404428268
50,0.0018162707824863,0.0233676850136246,0.4855053497996329
51,0.0009134632895368,0.3957152456470102,85.29486134278
52,0.0012176320014958,0.0474451943885425,3.1551998896567937
53,0.0013620938639311,-0.1986670122181733,5.5778228949263085
54,0.0018570717368848,-0.1876342007648705,22.432111819096097
55,0.00100144864692,0.353376599138287,-7.91349316977453
56,0.0013601837870291,-0.0562439975765296,0.8408906923101434
57,0.0017416468896463,-0.0564268019548594,33.00435442192572
58,0.0008328315588177,0.2143926413880299,14.209752698371126
59,0.0010886350821742,0.2395867093232471,82.23949009804825
60,0.0009005969121677,0.195910099528977,1.9521836827905004
61,0.000697365095077,0.2523201412853647,257.0947603991156
62,0.0008023575326819,0.3643686698405217,223.57274420954016
63,0.0006815902785939,0.211709213503512,231.7575147666469
64,0.0007636703525801,0.230839427349451,31.54988654143221
65,0.0003858160246989,0.4357252950907275,38.71826486699055
66,0.0014228110059824,-0.0945068100159924,2.967050054103611
67,0.0010064858030356,-0.0218620319380325,-1.9471703214133127
68,0.0013768221993747,-0.1763937817204857,4.179629017719082
69,0.0013163320535128,0.0287720010742632,33.55733683109607
70,0.0016903022994279,0.0507441578304234,-0.3365377502655673
71,0.000869904160242,0.3945532370362966,106.59796748003107
72,0.0009978673363063,0.1370333800244196,1.7131597655465198
73,0.001323450239261,-0.1632465468335253,3.674417634888994
74,0.0015720668061746,-0.0541513214167728,26.19269331266389
75,0.0007469434164121,0.4022671680145824,-3.141083600751191
76,0.0011170248217087,0.041355858329753,-1.731147172118873
77,0.0013844670035831,0.0573047387734293,59.04325917832147
78,0.0005886593287522,0.2626359847150296,40.45544266691768
79,0.0009008768344096,0.3052485006091437,127.04930342076584
80,0.0009625067758538,0.164163508579378,-1.112553996740992
81,0.0006489194013964,0.2418005199820675,307.7461756952135
82,0.0007339623009799,0.4002091841783959,256.37439087444466
83,0.0006640870955872,0.2077868659954177,259.3991891394811
84,0.0008166717534383,0.2170467052394594,45.47400340884256
85,0.0003918738017734,0.419385097492076,42.15218706359996
86,0.0013757709845232,-0.1062563664154134,3.5976877333749453
87,0.0010081896193997,-0.0542138468878974,-0.756369314659592
88,0.0013558487710532,-0.205927213705273,5.634232400693308
89,0.0013222089525857,0.0332731094858251,35.72188623034735
90,0.0018476508926292,-0.0026405581102737,-0.8578007103624268
91,0.0007612258922166,0.4491748780014956,119.52150677788026
92,0.0010402959585342,0.105075045794475,3.402023833682165
93,0.0012653579611745,-0.1765040651916702,4.576479759199129
94,0.0015537030452852,-0.0298251252508348,20.15325286701536
95,0.0007855940277194,0.374090378229525,-0.6888394062081997
96,0.0014062751420317,-0.1120330920913819,2.336758200553175
97,0.0013807083828109,0.054938336191515,67.60457019888541
98,0.0005728841196844,0.2403986141320588,59.76622418590196
99,0.000970392232678,0.2601442379671414,171.53539173145683
100,0.0015278681338301,-0.3170664606478608,10.963472845343857
101,0.0017055318656559,-0.1235906449235315,304.4765438423127
102,0.000902982170827,0.177079102234649,74.51647239620912
103,0.0007533824045378,0.0263585383459911,283.2411221715969
104,0.0007011413017624,0.1135857070549315,28.153097829052328
105,0.0002418648738596,0.6252320402045901,39.08114611967536
106,0.0013827219749095,-0.0940308991172931,0.1134795037464839
107,0.0015115819300981,-0.1874023346961313,4.586505747248804
108,0.0011519104316638,0.0421960509691967,15.43982909080214
109,0.0014087027731788,-0.1042584238382307,0.6729246834794049
110,0.0021004254682696,-0.1502077098398744,0.7112098643623117
111,0.0006277007235767,0.3663496963157825,4.563869762527549
112,0.0008004328417324,0.1756693698573826,-8.445420739265966
113,0.0010441023683704,-0.2742908860446946,10.653393351658334
114,0.0005621748306882,0.3065764747846534,46.28919381323263
115,0.0007495296121051,0.4275481090816392,32.877981450842654
116,0.0013562004539797,-0.1887911804124489,5.107869682612112
117,0.0013013241233863,-0.1995462472836546,5.513776073883068
118,0.0008518902478227,-0.0064897674963764,94.59720612681096
119,0.0016371450366786,-0.1108215149306155,137.06695958072982
120,0.0016569784823859,-0.3075199993762314,10.329199125573105
121,0.0017341013590216,-0.1542090964377842,246.36947734535016
122,0.0011470652564911,0.1101135604113183,64.79892996751306
123,0.0010161140033811,-0.0070218529009342,214.3620257257569
124,0.0009826495450445,0.0391934366307058,2.7197588066315697
125,0.0005725789838924,0.5640651917529023,24.547760283727225
126,0.0012345688100994,0.0526836936980231,-5.169013910273158
127,0.0016229680656368,-0.2525701176103392,7.784849742289553
128,0.0013927243981541,-0.0296507845824205,32.69639018886547
129,0.0011411725844509,0.0713492326528708,-3.9162293759680056
130,0.0021494963917952,-0.0702506704363723,-1.58802179362494
131,0.0006913853487412,0.3571518780009592,14.0337057539797
132,0.0010274655783562,0.0609048145422619,-4.997304291611752
133,0.0014030709302759,-0.3693924053544266,14.682471043301392
134,4.183140892677351e-05,0.637051266809653,7.703911170604771
135,0.0009439309070627,0.3831843179479292,16.939862620663646
136,0.0013411561000728,-0.1147405876154604,2.18129515429918
137,0.0016480053503449,-0.2401736820634163,6.636430289842382
138,0.0010445168331325,-0.0312583038099598,66.9582513867246
139,0.0014478233443401,0.0100230842448516,81.12194037296155
140,0.0014774908920492,-0.2856000542121129,9.484294138657631
141,0.0015827173922056,-0.1022934272223408,277.7969018484147
142,0.0009786803227335,0.1287606830720554,70.96745476242317
143,0.0007256388049921,0.0426748395961792,254.0961517031804
144,0.0005887644515776,0.1605703789801535,14.712193399235568
145,0.0002558636884927,0.575335188724875,36.17678575997394
146,0.0012097555246665,-0.0268155454242284,-2.4609248298624404
147,0.0014332065068174,-0.1617043862466827,3.484877527051901
148,0.0011324499781818,0.0213314542171882,23.570752643175968
149,0.0012622395893219,-0.0497458076841181,-1.054009317332361
150,0.0018961181922182,-0.0901311579206289,-1.204957192313124
151,0.0005474282259321,0.358129531867206,9.971412035958124
152,0.0007615975106067,0.1693112169189348,-8.620887931510405
153,0.0011668537031122,-0.3075419424715016,11.973301127104918
154,0.0004540981346076,0.3469040040717501,39.29615753634745
155,0.0006368021729508,0.4309066728568891,25.276724011405665
156,0.0012470056945128,-0.1346056199174228,2.7038902972147536
157,0.0012900871305706,-0.1854706208743264,4.793339414957001
158,0.0008115707917418,0.0081900564694789,87.31124682076118
159,0.0014067104019058,-0.02917746863684,112.592794286201
160,0.0014883523311336,-0.3154151451204643,11.020580457939865
161,0.0016635421608522,-0.1209821650785443,297.0279320116685
162,0.0008955137508989,0.1671400095716256,71.23032927597338
163,0.000732909778154,0.0255219342221403,276.0541067260609
164,0.0006867707095222,0.1083800247663918,26.46201140341274
165,0.0002376120695505,0.6120564557023115,36.341739964533055
166,0.0013754464775722,-0.1075941654422174,0.7484052468432858
167,0.0014983884321241,-0.1999150547888919,5.110205785600543
168,0.0011510836940878,0.0312679685698819,13.580445333804272
169,0.0014021612154024,-0.1198447878777986,1.349137245450955
170,0.002107315376984,-0.1733176600927544,1.4162448606415277
171,0.0006428524260035,0.349170792493738,2.3164199530244245
172,0.0008250427551605,0.1512596674815474,-8.01777851842109
173,0.0009981467572499,-0.2626355012463874,10.1961167781748
174,0.0005418821445392,0.296967986647732,44.24315977350613
175,0.0007474956337774,0.4131217834412742,29.960852493295413
176,0.0013219011399524,-0.1929015331088099,5.36295143528125
177,0.0012554969649788,-0.1960378513814253,5.508443583054304
178,0.0008395797849021,-0.0117092199105286,90.97058649699872
179,0.0016133271300157,-0.1183550275586471,133.79682356110072
180,0.0016566027224884,-0.3079733948640946,10.13844065853951
181,0.0017354760269309,-0.1549831549226266,245.25346757701143
182,0.0011480898777762,0.109280890107888,63.848875688734864
183,0.0010165665764333,-0.0074149244483514,213.08765587003535
184,0.0009818319668054,0.0393628863443461,2.3595253123576265
185,0.0005766998465754,0.5618236598927834,23.659501249875795
186,0.0012390525372143,0.0509005971217942,-5.510319682305905
187,0.0016229868110319,-0.2527400058390441,7.413700616360652
188,0.0013945621291615,-0.0310558454102114,32.08612381143749
189,0.0011435517825257,0.0699388142476195,-4.527082009356747
190,0.0021514147443654,-0.0714735733503901,-1.8185142678516364
191,0.0006930068785628,0.3558981745016933,13.522210825886669
192,0.001028358945454,0.0602234714270825,-5.549138723247799
193,0.0014029756988612,-0.3699147308643389,14.491164873438787
194,4.360368485856192e-05,0.6360820749750038,6.9840583287820674
195,0.0009474967965048,0.3815711387337517,15.802829819366044
196,0.0013419110259498,-0.11579725624082,1.6797866895717402
197,0.0016510499235509,-0.2429163419303992,6.596652044864393
198,0.001044676690639,-0.0317251931572903,66.30391893518765
199,0.0014535407773212,0.0074578705022556,80.2514108462761
200,0.000820195205513,0.2398305011328598,-1.319217918350171
201,0.0006385006306446,0.2689492706686487,276.4128333596992
202,0.0007322247862736,0.3899072021804921,234.37843745312935
203,0.0007632147788338,0.1781792561194684,236.31385172259948
204,0.0008311569721105,0.2087675173678966,22.87475554950659
205,0.0002218297171324,0.486627610950307,40.87328229997172
206,0.0014824814786691,-0.0863495836988466,0.5667582333380461
207,0.00094940528844,-0.0058975994614136,-2.8626902911680983
208,0.0013784254100548,-0.170663733402858,4.076611753611305
209,0.0012695509265268,0.0517912061727769,37.14417804551898
210,0.0018249463427464,0.0442321124281105,1.2421757407726044
211,0.0009087848172895,0.3549185900588881,119.14773235315724
212,0.0010168375048225,0.1170229304572705,-4.995634517768647
213,0.001333538358179,-0.1732149008390728,4.103057453894008
214,0.0016434191407509,-0.0595267698946182,33.19100480292681
215,0.0007349714798949,0.4159076624546612,-2.855877016760686
216,0.0010288708610673,0.0681160632285656,-2.056050357677856
217,0.0013194281397517,0.0969468997122341,67.35830348835508
218,0.0005930120380094,0.2551013292956095,36.73119140015038
219,0.0009367468028368,0.3061720779540302,133.29541627854076
220,0.0008857871642217,0.1996230012451287,-4.6161262617869925
221,0.000507412232532,0.2877329450294669,324.4417664143757
222,0.0006672453050148,0.4181137882535493,263.29949628600144
223,0.0006794192663673,0.2054702412356466,258.68658474603006
224,0.0008804142533932,0.1912715366900282,36.52928096615912
225,0.0002007306418576,0.4643538016920469,43.37225790531832
226,0.0014248476884617,-0.1067884204742473,1.474325740176776
227,0.0009596571789211,-0.0505193215527541,-0.8791836368982009
228,0.0013556520027209,-0.2062721449343365,5.6456366915309335
229,0.0012862278996733,0.0476115683807915,38.53776472955751
230,0.0019540877561311,0.0058653868725828,-2.4072393319355423
231,0.0007857032839864,0.4072388779511723,131.79756946585388
232,0.0010347676609585,0.0837080526001892,-3.721069070032984
233,0.001257515917077,-0.1893171050013586,5.224278096369434
234,0.0016796528875362,-0.05089744972234,23.99209687757204
235,0.0007573131984556,0.3800265838188109,0.6233353617574725
236,0.0013578383483383,-0.1025932230299988,1.6140601153136531
237,0.0013213784085032,0.0891619323756444,75.72633819539439
238,0.0005615268511554,0.235662270840208,55.37462108407246
239,0.0009825645338266,0.2632235877041522,176.60021005012393
240,0.00104575679379,0.1494178161636981,-2.2531398830941867
241,0.0009181018918953,0.1523338819026638,214.3211481503657
242,0.0008752936234249,0.32528591485378,191.1795752990224
243,0.0010302799385242,0.0909464925980512,192.26264903627165
244,0.0008921427829332,0.1790073704614565,2.8509251886319342
245,0.0005768109718203,0.410568733250677,29.0483600614264
246,0.0015193676289825,-0.1299028776366069,2.4569386934948736
247,0.0011983365978487,-0.1373599980457276,2.983546987166126
248,0.001679388150708,-0.3112073414094289,10.048561719388244
249,0.001484426381718,-0.0226420983868458,29.956438338315543
250,0.0019902132572505,-0.0243662938799549,1.811789344102362
251,0.0010836278887103,0.2923882047042004,91.89753314310482
252,0.0012390815360018,0.0037254095641121,-1.5824115422723262
253,0.001316694261775,-0.1942883739201271,5.633916875255808
254,0.0018653783732501,-0.1729633001284133,26.297643060717288
255,0.0009953199458136,0.3509044171698707,-8.757338602148204
256,0.00127616329967,-0.0414805777589364,0.1406046683459747
257,0.0016676569818394,-0.019776986362388,36.68605497997912
258,0.0008628119766812,0.1836083748849798,9.649909128379694
259,0.0012988337971092,0.1566503258970665,85.92861392686692
260,0.0015574295037318,-0.0922503895392237,22.318731626052735
261,0.001548398475344,0.0158336006108653,221.2737851624229
262,0.0008377793891154,0.2277722059295042,225.08806280618083
263,0.0006351991923643,0.2534616509901628,154.92685155770954
264,0.0007038752118125,0.1576748505364853,21.79015655529724
265,0.0010537399791946,0.2862616154855008,-15.506876035824549
266,0.0010955381043944,-0.1882198023045524,5.902725308983703
267,0.0014644531373378,-0.3211189047405223,11.234586080678945
268,0.0016270505265528,-0.3101451158450674,10.00686973556918
269,0.0016718927007161,-0.1517324849863341,1.9699443031721129
270,0.0010826882796434,0.4456444085935014,18.195154175769648
271,0.0007525654306998,0.3755463426385235,78.93392736531649
272,0.0010329463403015,0.1321593281275332,-1.18907417719661
273,0.0005348204431666,0.1946564421886408,18.72587889760175
274,0.0016495670677731,-0.153363095745648,6.35255000663653
275,0.0004752455574368,0.5494264475678166,11.572377372659137
276,0.0012725588508335,0.0485012055006431,2.582321709471693
277,0.0013784159638226,-0.0714359538569387,1.8470425244993915
278,0.0014842632268724,-0.0288313710521073,11.948538119617298
279,0.0010737389161561,0.2431670215448588,157.86253616374637
280,0.0016625830188141,-0.1727452804634595,26.11495305085198
281,0.0015482242552081,-0.027515199774972,274.5406564234027
282,0.0008192903958919,0.2046188487704723,257.79486482051203
283,0.0005539986547627,0.2773803423916794,169.50368124502577
284,0.0007894313442551,0.1061912705129604,23.227558354189085
285,0.0011390739008276,0.2386735459604616,-14.571895970831816
286,0.0010090199923148,-0.2072884234283514,7.178467628634153
287,0.0012413610768658,-0.293391293251285,10.679610364075186
288,0.0015527469417384,-0.3419185823688966,11.936662850633969
289,0.0017808767974709,-0.2513262658224684,6.310448270135141
290,0.0012842256694499,0.4085716172447408,1.086651934893985
291,0.0008019889475612,0.3517612667479104,83.37971500573143
292,0.0010545037941327,0.0916843025884101,1.0942153312837184
293,0.0004839841113852,0.1946034898422819,13.380866676986956
294,0.0016934313462282,-0.2255214775363665,8.82578218837261
295,0.0006272293075137,0.491802960243216,8.202752242445275
296,0.0014592928587061,-0.0525897951914735,1.6629968428086654
297,0.0014643182179094,-0.1514550232349785,3.8111066168825936
298,0.0014907686075992,-0.0481520420333849,16.222866860506873
299,0.0011671384023603,0.186224708558727,181.36856665930785
300,0.0017430107988412,-0.1552343299040932,21.74873309986232
301,0.0017493300818022,-0.0558944729664045,155.85436375613094
302,0.0010674577910391,0.1737116355213691,175.0107523297996
303,0.0008982677838423,0.1494193241543527,122.20055812041936
304,0.0006462979316479,0.1845156357090636,20.96258341688369
305,0.001238016687316,0.2354723693903073,-13.205881478073994
306,0.0012064016944563,-0.2184599037218559,7.420059756096007
307,0.0014606856609388,-0.3197727611801793,11.534669842947334
308,0.0017138271489752,-0.3463281410250935,11.946066237857776
309,0.0015078350169789,-0.0742476833553156,-0.2553578407317496
310,0.0011175398159193,0.4208058216716506,14.792151958132402
311,0.0008638750059574,0.3300375779604467,73.42510684155636
312,0.0012007898282616,0.0236993024817782,2.717639413069963
313,0.0007235171909111,0.1053298291383866,14.389553496970375
314,0.0017763449228606,-0.2175324599383986,9.02894806674384
315,0.0008057518579962,0.4449362071142965,10.292176681511672
316,0.0015448447727962,-0.0672483153492732,3.3064339799721427
317,0.0016879569639673,-0.1946130488872603,5.703650187010614
318,0.001768220844284,-0.1526147142012908,2.6928799778645898
319,0.0013747125916554,0.1394319130034661,118.161841336931
320,0.0016790428042439,-0.1029743679202459,20.18224718494546
321,0.0017440028725551,-0.0669779633193137,173.50043826130369
322,0.0010691332258681,0.1579471791015075,189.74676757231413
323,0.0009365547751205,0.1270153138283972,135.2851391767767
324,0.0006565792319669,0.2001972490807358,22.046929316491237
325,0.0010016622987277,0.3378253564084843,-12.755351582614422
326,0.001218467226655,-0.2001560691117876,6.684945781127677
327,0.0015103316992276,-0.3046680787775839,10.475352561586435
328,0.001763831882837,-0.3388119686464914,11.233901225287928
329,0.0014428644735989,-0.0118773582474633,-2.209052820672292
330,0.0010769403490623,0.4145669540155879,32.11003393958085
331,0.0008972296430134,0.3098670087968336,82.82578315631446
332,0.0010942288684875,0.0898136537416867,0.3921707987897298
333,0.0007709252886217,0.0787162241952179,26.159643837499328
334,0.0017034657391319,-0.150693436897504,7.299113657920826
335,0.0008247690368102,0.4053349643067974,28.97323037664958
336,0.0015296544375097,-0.054168539198302,12.945213858574355
337,0.0016333187093908,-0.1584542941001317,6.088899642523141
338,0.0017242734007131,-0.1132619994943631,8.03839712414315
339,0.0013821620584385,0.117750432542109,136.80688731925963
340,0.0015111213331286,-0.2506615002360793,13.027551504059462
341,0.0018230389386073,-0.1455666447590045,249.50379717279836
342,0.0007958025212354,0.2095847537651916,299.52398015540564
343,0.0006026435789167,0.2392199725976859,195.3801234736491
344,0.0008441856409825,0.0481239893707818,27.820983326147427
345,0.000820258930854,0.2500367477551187,-10.888016011148714
346,0.0010392228717555,-0.2342042346757586,8.78379190221391
347,0.0010441631534852,-0.244305142557698,8.876433679214076
348,0.0014043568257545,-0.2898081224349618,9.772389861230357
349,0.0014656303304787,-0.3376723919059682,12.117373065789112
350,0.0021067179951739,-0.2452611576439956,4.678209009802552
351,0.0011997878463201,0.2552415054488847,44.13117204277068
352,0.0009219300140076,0.1771412148315871,26.434894701230935
353,0.0008247624525664,-0.0544125109475592,4.276002378292551
354,0.00143417662928,-0.0489330130530876,46.54421434008808
355,0.0008193846151245,0.3835856041095441,14.044467364236146
356,0.0012708070589013,0.0160484122680814,-0.3101940039929025
357,0.0014275314520225,-0.1564159262012052,4.028373996405111
358,0.0014057670714566,-0.0357932687090569,-2.5607095322741262
359,0.0009644170923277,0.2443594105564024,30.61945717979359
360,0.0016121721863703,-0.2563468623738596,13.57736849965397
361,0.0018304038736748,-0.2187975162386357,191.12476951083377
362,0.0012152600994755,0.0368928742827312,228.6235346976873
363,0.0009454926753622,0.0683671129878523,159.13814627891182
364,0.0008783493183315,0.0433026844168878,24.151204992258755
365,0.0008706727696921,0.1885574202099481,-4.353089914048106
366,0.0011274615334678,-0.2427862498246857,9.42452652401153
367,0.0011971654693715,-0.2338205465538489,7.716229893063368
368,0.0013781667735059,-0.2518911669404497,8.116649616769532
369,0.0014172952525081,-0.2325627042404442,7.0686004406455565
370,0.0020358188437998,-0.1911215124514129,2.5892151946001043
371,0.0009828362900484,0.2837979840022765,58.2845414673894
372,0.0011379839309061,0.0801799759640484,17.144424823264178
373,0.0009739050702394,-0.1071535565601957,4.917403835897165
374,0.0015969611759792,-0.1428094697705988,40.86030637210222
375,0.0009059399454115,0.3667622723605535,14.77068692717042
376,0.0013392938511058,-0.0066203309308956,1.6344979441895569
377,0.0015227328594865,-0.1773742103500151,5.3756362039322685
378,0.001535880923717,-0.0827650168385099,-0.5607780044002437
379,0.0013337120735735,0.0613989238292124,36.31622929410363
380,0.0017181964178466,-0.2364397405001801,13.65108799902808
381,0.0018966405356106,-0.2005362224924451,213.1956182244213
382,0.0012503229598224,0.040482441785847,250.70494043671272
383,0.0009738214522878,0.07521165681547,175.48888326233674
384,0.0007480670099613,0.1222303329285673,24.619025922228744
385,0.0008377530473447,0.2195535893467843,13.979061448910546
386,0.0011887659381616,-0.2179284899866758,9.61245237358213
387,0.0011724807096391,-0.1374976276076269,2.844079650924908
388,0.001457966855598,-0.2183459168639302,6.265487517730618
389,0.001259511158945,-0.0872560627418923,0.7671511373511353
390,0.0019817087555096,-0.1331122921453789,6.139506243607049
391,0.0009876240805243,0.2802421419801232,79.47481110297993
392,0.0012440027454482,0.0605720502779588,33.18329374660818
393,0.0010113577270666,-0.0605706419925784,4.324705935069178
394,0.0015430313008389,-0.0973742528477565,59.35813242730094
395,0.0008167044515771,0.4181558705655035,29.97340665938478
396,0.0013364911857615,0.0239005781302181,17.27394520741721
397,0.0014311241761457,-0.0900874436493934,5.422172788125602
398,0.0014832218848386,-0.0272440446612076,9.83581494726581
399,0.0013134403363451,0.0902588864711414,50.57300787093789
400,0.0015776678057917,-0.0766437436805085,1.9610655430335124
401,0.0015873699732164,-0.0831053065880205,108.31130215761934
402,0.0010468787368986,0.1532126330641314,165.99569790744616
403,0.0010104979072146,0.1653913043086569,107.74315708785028
404,0.0012147616683274,0.0127142276856753,7.197713492647628
405,0.0013661782571591,-0.0206677045481826,-3.216689753732613
406,0.0016253351938816,-0.2680900217654804,10.036335444825
407,0.0015686490494737,-0.3086628305628318,10.373538736274282
408,0.0016078968913297,-0.3297915051877718,11.121676384470671
409,0.0011219377842807,-0.0050020117065827,0.9048101883835926
410,0.0015392022536434,0.219376964633751,2.349250691648056
411,0.0013670977406005,0.0046536611495283,7.547103405056631
412,0.0010748937785902,0.0912190227528355,32.459490538206055
413,0.0010189880028871,-0.1727904466027578,10.190108786386755
414,0.001791587203607,-0.3331925670213271,12.233729254442656
415,0.0011963248436828,0.3600454337307222,45.79354725358124
416,0.0018012784202839,-0.2536674728047265,11.14451657166385
417,0.0016610446403715,-0.1929441347761369,5.267864378064341
418,0.0007457964559911,0.2118838320152565,18.2240190896697
419,0.0013646318250666,0.0510930130097648,89.73567185624894
420,0.001466541214471,0.0095835104537692,5.254746118946744
421,0.0016752921268029,-0.0844042186654092,122.67940010604588
422,0.0011351473408961,0.1347287948559935,179.53082159203976
423,0.0010240269069702,0.1855310192186356,116.5320137419792
424,0.0010641285610797,0.127089536032478,4.678804030174844
425,0.0011846906926363,0.1048811498322844,-8.585281121376347
426,0.0012452370053775,-0.0270485891101688,-0.2710482286857372
427,0.0016623819420087,-0.2811795936722423,8.588781220234743
428,0.0016905958030258,-0.2836284457887914,8.412967642218113
429,0.000680299625324,0.2181668531422663,-2.667112913480423
430,0.0014982529330115,0.2416920300877966,18.28484522728176
431,0.0012638850671035,0.0893940712733749,6.90716616164474
432,0.0010684104743371,0.1186612002211978,45.218299473640464
433,0.0010663774623877,-0.133169663335466,6.946148852349417
434,0.0019101323055869,-0.2909725250473862,8.53718885712494
435,0.0007562633877248,0.5059532001902616,62.1120725810117
436,0.0018565120879424,-0.2027109487531193,9.13610714477205
437,0.0013960024507329,-0.0178958865597111,-2.6810649646859805
438,0.0006241692153836,0.2868783922804814,28.89460642139809
439,0.0013834401656757,0.0726936742458054,106.16255964744406
440,0.001601389249608,-0.2701232636739012,10.585746686996236
441,0.0014251033054593,0.0037345607755286,31.057613856882
442,0.0009925650229576,0.1234742699897724,189.8641752938261
443,0.0007299852559867,0.1080100427872208,181.8641508179484
444,0.0011727830568276,-0.1654324828307452,22.85116303652613
445,0.0019223668450376,-0.394996118088732,13.358288095139237
446,0.0010340579266949,-0.2582456622826858,9.686743911445634
447,0.00096234145113,-0.2356770694594347,8.782588259013067
448,0.0012327817535603,-0.2879832191488414,10.41339575721006
449,0.0022606363715551,-0.4565895118413904,15.087234125193543
450,0.0022125590570948,-0.3639940298678266,10.404248131176647
451,0.0017631003733304,-0.0833005363333339,45.88500935876272
452,0.0013816612616256,-0.1852132239848716,52.9675377361141
453,0.0006731191774806,-0.1665227277713912,10.529363460340155
454,0.0017322455525933,-0.3408880587923157,16.038684633489666
455,0.0013027886865735,0.1996731744147335,67.09685605404732
456,0.0015805605563704,-0.0849820281352969,9.671556688862635
457,0.001517813136865,-0.1539221705976279,3.3542490668401457
458,0.0005541678201087,0.2719479838659233,71.22284847429243
459,0.0013033290467486,0.0273568014275101,113.97817050997548
460,0.0017337333434712,-0.2195675361658373,7.520825454879859
461,0.0011784282655927,0.1446381860029769,47.0660953255612
462,0.0009360929813901,0.1809660168438133,226.76188585336809
463,0.0007050713485835,0.1360706074767356,227.97499750352893
464,0.0011143273996632,-0.1239297201162281,26.12248614484044
465,0.0020511072584468,-0.3734127956957986,11.664952100986309
466,0.0012192407333517,-0.287784089313184,10.484219846405326
467,0.0011037336292666,-0.2411942130486217,8.401568112627501
468,0.0014186572943157,-0.3159399686124267,11.106969511063935
469,0.0023459495074007,-0.4290162002400197,13.522344945979214
470,0.0020422285266034,-0.2556381163707462,5.49016956786391
471,0.0016167755821282,0.0041663513907516,70.59156456485077
472,0.0015314402440379,-0.2630622253495712,119.67485162256418
473,0.0009277368117708,-0.2262649726845704,18.3619295162795
474,0.0018744086514307,-0.3432072274210556,36.1716074148579
475,0.0012246215684813,0.2407069243703069,91.57448503031216
476,0.0013848070187651,0.0413464287274666,8.91033122813459
477,0.0013432303344802,-0.025070026632447,-0.8947301665404286
478,0.0003854329401668,0.3808061361182335,101.20905896821168
479,0.0010847549601635,0.1640517723275611,143.35753692482538
480,0.0017084459236229,-0.2360700357101526,9.224722976045348
481,0.0015163029432512,-0.0475484348577466,43.761082995352965
482,0.001304749329937,0.0264493863191672,183.60061845526783
483,0.0009039489441,0.0650885902805755,161.3170316034786
484,0.0010295387567472,-0.0731235012397215,19.13584137867911
485,0.0019359255711831,-0.3017067876998514,8.955684523086692
486,0.0013935745442879,-0.3114555245794963,11.30656662529988
487,0.0013457727288438,-0.279568448744838,9.750242344490552
488,0.0014644079499681,-0.3002291122961145,10.239932949132363
489,0.0017811560848167,-0.1470988812626943,3.094564466467581
490,0.0018824891503229,-0.1635659960739686,2.58611930325018
491,0.0016364370043909,-0.0362076050669424,56.39134393048774
492,0.0015453057948839,-0.1746440244744818,30.503084810149883
493,0.0010735941163898,-0.2372509903197852,10.965337877932738
494,0.0016940714948172,-0.2837796455453254,25.95119924070885
495,0.0013792296048564,0.1836469678202241,89.78205760627483
496,0.0015342393691439,-0.0283905103664359,22.07232128749644
497,0.0013970675480676,-0.0349642705771799,2.8303486489097947
498,0.0007202705784299,0.225311168979357,71.23786853265356
499,0.0012118981343617,0.1175236080510938,93.97527999491376
500,0.0010978531717957,0.0537180477009785,126.07756228931942
501,0.0013258751551581,-0.0711291450002924,21.627626339139116
502,0.0010011930168425,-0.1383903388583667,338.0965154263228
503,9.505131857456828e-05,0.3567558780153601,163.76025729538324
504,0.0004109486618806,0.2121690989735315,14.290607362658708
505,0.0011784860148808,0.1126915136614774,-8.768568272890993
506,0.0012037520081301,-0.0941853040141373,0.4713468130324791
507,0.0014533128957825,-0.1710574349558549,3.3796120399566165
508,0.0014924137097274,-0.2278214804154159,6.113149611253799
509,0.0014393156081203,-0.1177019735856117,0.8070115801635902
510,0.0017083734353713,0.3396895226985591,-18.281590843056907
511,0.0007401796904856,0.3592472022805312,55.71739126159592
512,0.0003216907411437,0.3283663934022846,52.3872755135061
513,0.0002642763426921,0.0819608883599757,3.948026379736149
514,0.0012718274385188,-0.1347554927329566,2.429158178614375
515,0.0010350909217218,0.3615028109064327,22.28881124336121
516,0.0017745733939912,-0.1117960258474322,7.127941328359971
517,0.0012521222373086,-0.1219957453736488,2.4248226269985143
518,0.0006880636863002,0.0644575039229748,20.330036666183343
519,0.0010341282665593,0.0744729842872528,-1.684551564118026
520,0.0015048264863543,-0.0926216077231505,78.47685189609307
521,0.0014074944881942,-0.037254158899719,11.296966853286229
522,0.001478029612793,-0.1754839693734318,202.8095725786152
523,0.0006183792443396,0.1818560427515033,102.73027834428606
524,0.0004453371691127,0.2506762710504189,6.385496024056282
525,0.0012794228169843,0.082376613098427,-6.994470309624663
526,0.0013042283957017,-0.1094925656740564,1.760198390251488
527,0.0016898270719366,-0.2155724115715783,6.011964003339463
528,0.0016260189052413,-0.2261465638491382,6.580425213863023
529,0.0013147461917232,-0.0076502916106309,-2.449118600701836
530,0.0017071267741608,0.2780579054980095,-13.285901813297524
531,0.0011597137194336,0.1841860328799642,53.57689404760232
532,0.0007873687630339,0.1978883984255497,19.03208165495592
533,0.0003866444870587,0.003948638723226,4.301396153466953
534,0.001375139975697,-0.1818810830445416,6.177446464945442
535,0.001599684799602,0.1687367040688568,39.62703297945121
536,0.0017926128217496,-0.1251439854053775,10.606456312000365
537,0.0012711451683939,-0.1161267547795488,3.46780403760105
538,0.0007885825492658,0.0435911581121657,15.55543015287972
539,0.0010321151574577,0.1065745969805048,-0.4689085286539021
540,0.0012073857184633,0.085690576451436,13.082519213292931
541,0.0011228022291603,0.1480617493953073,86.33333244314176
542,0.0008323614765534,0.194281797588054,184.14936570745076
543,0.000657610425131,0.1635712240556004,98.1073850904049
544,0.0011423404713931,-0.0999638009937746,15.4094247833674
545,0.001488678679285,-0.2348467912002299,6.770539481001306
546,0.0014009996670707,-0.2577132784424949,8.227796833455578
547,0.0010083450092928,-0.119555534534592,2.6072535511023505
548,0.0013325080607529,-0.2924974192966183,10.24688448505051
549,0.0015952856924822,-0.1788899832488766,3.8913357401603728
550,0.0015146816196669,0.2022121214230842,-7.159161160001743
551,0.0006075152169548,0.3968624408252889,43.01967743965063
552,0.0012612440584191,-0.1487079683521066,9.75272087991818
553,0.0013042672198728,-0.2194802547782151,6.731613258052576
554,0.0014975190292555,-0.1821486124334228,4.079821530660413
555,0.0011801492750067,0.2582849301170677,12.242297861821813
556,0.0015301379778618,-0.1940975653377568,8.398000217779146
557,0.0011266879885333,0.0932126686700376,25.176650744795463
558,0.0007119687257111,0.1587404585518171,-2.0937491721237063
559,0.0003629074711576,0.5321471125194956,37.839793432351726
560,0.0010576765735356,0.1899540727508458,22.03561369011525
561,0.0010078761433445,0.2361962572637749,111.2529158683754
562,0.0006777571369356,0.294212908527222,222.0697882677404
563,0.0005200912473715,0.263268143015784,123.64611444996976
564,0.0009926978327839,-0.0248654536798709,17.350742911727217
565,0.0015386328071413,-0.2175447221863709,5.740536049471673
566,0.0014652736177742,-0.1505773359626727,2.998934153840441
567,0.0006915003807402,0.112778523614395,-5.356248042625883
568,0.0015044930929441,-0.3010781988703868,10.255521631898738
569,0.0011526417958248,0.0535134228760069,3.354824594635302
570,0.0014339054693643,0.2323498584757415,9.899292483355593
571,0.00064830105264,0.3878551745333403,70.45053753570419
572,0.0013116921484894,-0.0690695202440414,7.276376492535173
573,0.0014140203566811,-0.1789595401554489,4.141921138368497
574,0.0012366717830859,0.0037688525271297,-0.39974677396529
575,0.0009988022817557,0.3249664590341927,46.36518745118256
576,0.0014919009963347,-0.1074874930235783,8.39023406572344
577,0.0008795898687474,0.2243044693277436,42.47960318850307
578,0.0004350847361397,0.3311665417458304,-2.620384533114598
579,0.0003704057612008,0.5463347575418402,60.87530612149979
580,0.0013533825960005,0.0879143375264729,19.18794141848832
581,0.0012748443176703,0.1221147836938409,81.32833279237957
582,0.0009871462565768,0.1899173397198012,166.30898546617095
583,0.0008395229001192,0.123015022722921,93.41425243852268
584,0.0011115686571997,-0.0479953776746713,15.721898748225492
585,0.0017070864227181,-0.1765141779485888,3.059698484994513
586,0.0015896751618313,-0.2389829979148958,6.816007262898599
587,0.0011901158673447,-0.1157506897651043,1.8995603337589064
588,0.0016642978785668,-0.3112955356163061,10.150926943285423
589,0.0011700907644591,0.0511092495974219,0.415095732745061
590,0.0013261075019984,0.282897042231389,13.477993513790423
591,0.0007941084461079,0.3143880116258776,66.29200454938022
592,0.0014316958318259,-0.1367821962011404,9.434914367334017
593,0.0014764476749646,-0.191994735185297,5.046951748558115
594,0.0014452872167321,-0.1221501122023279,12.7833874178425
595,0.0012761615829088,0.2014532269784056,33.61563378969538
596,0.0015881066395629,-0.1385954270682743,7.105617841597357
597,0.0012156334510602,0.0893699109027524,31.391942389154288
598,0.0006956644516893,0.2330302693281398,0.5147679423145194
599,0.0007874352278832,0.3559372426929065,60.70492395010335
600,0.0013410510039297,-0.2685843916873522,23.767193710436395
601,0.0016408893783969,-0.1696458595624741,167.89734950979943
602,0.0010012272159659,0.0959317642140631,236.8435613386435
603,0.0006278246150946,0.1681386678417532,171.75162643326533
604,0.0010223832113539,-0.01124229677335,46.20881012223568
605,0.0011975965910819,-0.0279051837811332,-0.1051751839033485
606,0.0008821196448704,-0.1791694022296852,6.315640726914122
607,0.0006994165314581,-0.1831836532808048,7.081711906191353
608,0.001272056945344,-0.3146091075592793,11.734581846953857
609,0.0011327280147586,-0.2816955530377558,10.552843461350031
610,0.0019501156083414,-0.3047284945136568,8.430132498212199
611,0.0016147362398115,0.0681564640345142,25.04745866089466
612,0.0008764173731163,0.1477398264141152,8.381390959809167
613,0.0007089185655959,-0.0542430239312585,3.975743629906716
614,0.0013818694219679,-0.1255138639869895,17.254863803015592
615,0.0011348174520208,0.2233703840469501,1.6305766944681546
616,0.0014066573293696,-0.1111575773692741,3.407104789835686
617,0.0014915830407503,-0.2320183447610407,6.623162243951439
618,0.0015238275465065,-0.2137802044193711,5.449697224247933
619,0.001216686698646,0.0801941193545596,9.998135153585237
620,0.0014213022528796,-0.2380230033175627,25.273978811870567
621,0.001773302110564,-0.163379477772382,211.5062139645677
622,0.000956390633796,0.1622120430725944,290.4826750279803
623,0.000567270070455,0.2396827257340208,210.4556485560853
624,0.0009119403796331,0.0630172296710621,55.068355161662446
625,0.0008251706745154,0.2185885868742991,-7.392114634554233
626,0.0010037084071937,-0.1809623784391134,6.764407814472871
627,0.0009975967968175,-0.2354443067633571,8.647599906190841
628,0.0014469612646682,-0.3022025409700923,10.259815144770698
629,0.0013957764957746,-0.3194222144635388,11.424284933645126
630,0.0019684326285531,-0.2520500569058486,5.600603667754765
631,0.0014317036975604,0.1772035716934215,37.85547405400783
632,0.0009368419776021,0.1782008587994189,29.013502469106804
633,0.0007789944762441,-0.0101615957551877,7.400213934414802
634,0.0013487032363417,-0.056365237868418,37.97927592407408
635,0.0009338066109977,0.3310169272103947,20.36882221212521
636,0.0012234482022454,0.0454245761293972,1.9557168292545728
637,0.0013989766560494,-0.1248304517028917,3.016504844028844
638,0.0014123013149295,-0.0659515987065708,-1.0824013980562106
639,0.0010109704924925,0.211754825125759,23.31592050640621
640,0.001517212164376,-0.2436551078966385,26.195624805521827
641,0.001790167368464,-0.2259350899684398,163.22293176302188
642,0.0013228137516047,0.0037131856681728,221.0443681012906
643,0.0009004433070923,0.0775162946896697,169.69853320483972
644,0.0010105893074844,0.0312871316710982,46.55668452811551
645,0.0008635268800681,0.1663198556264352,-2.166931985646925
646,0.0010951917939242,-0.1942060357128516,8.14374184394476
647,0.0011533175740884,-0.2318863356024603,7.889602367859359
648,0.0014352576709192,-0.2616637421790897,8.380965683953013
649,0.0013735200255655,-0.2290440959389004,6.932013737061833
650,0.0019275689808747,-0.2007861177237209,3.435365415837668
651,0.0011906817307737,0.2291485448014922,49.27315575824706
652,0.0011051780915288,0.0957150608766906,23.51260069200696
653,0.0009357840296494,-0.0683245021301395,6.27066211986523
654,0.0015035952968902,-0.140899298459481,33.86260437549066
655,0.001040482846265,0.3029434892579089,19.939966503544152
656,0.0013038202432154,0.0254786769474698,3.566893029607714
657,0.0014918900930575,-0.145995338765456,4.505056249989286
658,0.001537787434645,-0.1048009310667275,0.5707560511369493
659,0.0013414567965323,0.048767609721353,29.01694971670845
660,0.0013590884192933,-0.2691155975542296,23.94830403446239
661,0.0016587430783207,-0.1697753262635184,170.28431757655025
662,0.0010075589687791,0.0992187048406928,240.08321069689865
663,0.0006315498471158,0.1718373105477157,174.28754795110737
664,0.001026665035392,-0.0079220927102861,46.84290362477007
665,0.0012026437593249,-0.0213526099473104,-0.3829749239332431
666,0.0009035917216407,-0.1832647858445093,6.460197237260297
667,0.0007280082379604,-0.1906944914623065,7.372434769462772
668,0.0012950022206354,-0.3158699520138019,11.69607065843878
669,0.0011633121265379,-0.2869092103078927,10.703486394841134
670,0.0019760407845417,-0.3068736125024633,8.435480343412802
671,0.0016215478602795,0.0739577652595433,25.908762930014277
672,0.0008800494841684,0.1525972594712309,9.182527506078856
673,0.0007162337748443,-0.0520070411059627,4.1032961248119495
674,0.0013906479423674,-0.1226634315045736,18.105097542001896
675,0.0011280627968575,0.2333241725245599,2.3598685518280487
676,0.0014097834986342,-0.1039244218904429,3.296179768624015
677,0.0015056198301389,-0.2305295544338255,6.518053327886239
678,0.0015418073361943,-0.211697606927729,5.270662258596969
679,0.0012035648290607,0.0921177451765128,10.542766491546438
680,0.0013825051924476,-0.2366766715501183,24.56034161906792
681,0.0017296932025065,-0.1632322251877476,205.04592711455132
682,0.000938990150917,0.1545456230175768,281.738055185248
683,0.0005585818145671,0.2301659776719486,203.7657358660786
684,0.0009026972722004,0.0537904949483127,53.4542042364257
685,0.0008499884233579,0.1902013274607951,-6.983284321167209
686,0.0009624271191912,-0.1771799212256297,6.520957919592278
687,0.0009449549312718,-0.2279938681404365,8.471402076276668
688,0.001422211585325,-0.3069951981276717,10.600607967423636
689,0.0013259907939896,-0.3079490576326633,11.100844972018422
690,0.0019386049392647,-0.2612076274145723,6.18616723532628
691,0.0014355910230071,0.1563417578482677,35.64825876560934
692,0.0009240011201303,0.1667036258499021,26.873051962597927
693,0.0007612375439304,-0.0172459519966348,7.155761498706875
694,0.0013495306555038,-0.0724888589891279,35.96860532030117
695,0.0009268733647228,0.3162268217994949,17.665070386066343
696,0.0012372850205053,0.0199622072937288,2.0514008292887485
697,0.0013918418689176,-0.1396596484146386,3.4964506381406237
698,0.001400485912539,-0.0821605744559768,-0.3112341537361858
699,0.0010097087196893,0.1982111696307665,20.398633604135604
700,0.0013387348106892,-0.2685419605443426,23.745202947018605
701,0.001638621005097,-0.1696635641406931,167.57517445393603
702,0.0010003749852817,0.0955127795369413,236.4069834393152
703,0.0006273956571055,0.1676250886349232,171.41228226906057
704,0.0010219458435829,-0.0117476576621418,46.12815837215658
705,0.001196707834146,-0.0287436662364664,-0.0714207252341476
706,0.0008792632835691,-0.1786202548225997,6.295734612377725
707,0.000695850597888,-0.1822491170641715,7.04552768638789
708,0.0012687258282294,-0.3143795324683045,11.73753751306687
709,0.0011286827475015,-0.281015357664744,10.53358131690337
710,0.0019459920575419,-0.3041556070448631,8.416258286633894
711,0.001614072738283,0.0673185189696843,24.93554769677253
712,0.0008758749682374,0.1470916721819736,8.276008960361002
713,0.0007080104755505,-0.0545673678525322,3.957778850076994
714,0.0013804717595115,-0.1258173828204078,17.136177579521657
715,0.001135448801189,0.2221296666833827,1.5292309657452885
716,0.0014060176920395,-0.1120693477915406,3.4189335436696706
717,0.0014895988192209,-0.232201516762091,6.6363795849327385
718,0.0015212862451062,-0.2140174215293084,5.469927471543017
719,0.0012183849806053,0.0786060763792082,9.925464767771738
720,0.0014119700573317,-0.2377449947399139,25.099850775830323
721,0.0017626128140009,-0.1634163038551708,209.86031741932447
722,0.0009521105367384,0.1602982470968551,288.2529946564933
723,0.0005653785798237,0.2371239573886222,208.78476558757512
724,0.0009098965045807,0.0606809942536701,54.65574379424186
725,0.0008316445889845,0.2115246645211752,-7.32997259499756
726,0.0009936726532936,-0.1800543421557325,6.699873715406194
727,0.0009847504705876,-0.2336355259426172,8.604354025648927
728,0.0014410278505588,-0.3034569383145831,10.346906607406934
729,0.001378548248579,-0.3165900279570819,11.344429005723216
730,0.0019613313779655,-0.2543651127480266,5.74701955862017
731,0.0014331564079068,0.1718898861858518,37.306542954313805
732,0.0009349460799108,0.1750047197459207,28.488227837114025
733,0.0007747745088247,-0.0120251200329644,7.342022356212173
734,0.0013491210148034,-0.0605628870163994,37.46190740459873
735,0.0009321707728231,0.3273283555128353,19.68585345610884
736,0.0012269818673031,0.039098912324885,1.9803383118977749
737,0.0013971470671505,-0.1284659584913192,3.1346703289199205
738,0.0014095424517326,-0.0700431993290746,-0.8879933687537827
739,0.0010110147862633,0.2082889144318798,22.580140307041443
740,0.0012757959562427,-0.091686450919344,8.548974919668225
741,0.0014973432212338,0.1288579112754559,-9.126407558753224
742,0.0015103850214283,0.0164943816207195,171.24018108637316
743,0.0005708223479859,0.1966865966137156,273.05910887807295
744,0.0009220629806832,0.0134038925161679,67.13720909924861
745,0.0011397822432313,0.191655877202975,18.000100174228244
746,0.0013018592732515,0.0353956458695312,20.484096458993008
747,0.0007593446878568,0.1241331820088704,53.65181399115703
748,0.0012557777349659,-0.1291618687713338,14.569898584019382
749,0.0012379461826421,0.1142523927419625,10.16999344588792
750,0.001036540487808,0.5081210582381113,4.042235323967027
751,0.0007158880681121,0.3694159647949827,63.34304832462418
752,0.0013638830163172,-0.0591420702906537,56.00941449217458
753,0.0008300965623744,-0.0343556513090934,14.120413247619451
754,0.0014123038042215,-0.061264263136626,35.25487315001642
755,0.000709862210255,0.3432270657558518,116.330632657554
756,0.0009212124893653,0.1725403568572443,70.88956462247413
757,0.0012933179876328,0.1308892179343418,24.227839744819537
758,0.000679790294743,0.2739883250485834,25.6752408164286
759,0.0009797395459398,0.2966947924048802,30.341026205840823
760,0.0015246759807734,-0.0517966770872166,7.485803062079948
761,0.0009858775104791,0.3785701144099832,-6.750264998131095
762,0.0016322758197807,0.0599320591662029,203.7703678233401
763,0.0007543543101335,0.2016862218482092,326.8787954283855
764,0.001145877629383,0.009910611636445,79.70338389759819
765,0.0010548076809144,0.2740412180325106,37.40133130691323
766,0.0014210855969434,0.0631350673473875,28.370473548130533
767,0.0009642521562828,0.1470805542992587,65.28724630715548
768,0.0015908466374851,-0.155004093620129,17.266211105594724
769,0.0012940043982492,0.1614878455125368,28.09916199219329
770,0.0010264904375433,0.5669179348082865,18.8475002204756
771,0.0007829648675882,0.395303211583895,99.299469476212
772,0.0014442812022799,-0.0052793104234869,69.93715012066555
773,0.0010136163464602,0.0240268964064805,14.39133235455648
774,0.0017000125646088,-0.0485761107370033,50.66348306783194
775,0.0007809977335111,0.3995297664671506,149.8361648622189
776,0.0009087523132166,0.2628697778948335,87.45821925734667
777,0.0011986978324373,0.2269845343319978,31.638856236954485
778,0.0008853809500706,0.3050530377629307,44.03293640179351
779,0.0011079907469588,0.3449994834673251,54.7013394317292
780,0.0010313828591723,-0.1246146479856333,8.727514030445207
781,0.0019811802377613,-0.1805465488087287,2.8295379669800216
782,0.0017044448465779,-0.1195458272275269,149.57821586678395
783,0.0006182046126439,0.1396771434820157,223.38880471024373
784,0.0008811503418926,-0.0550274843195113,56.480580108604535
785,0.0015047104717369,0.010542456429422,4.840220098310559
786,0.001377946667623,-0.0608152395040962,3.015322719018232
787,0.0007961864456511,0.0452002234709644,32.13737125074299
788,0.000820316026258,-0.0941093155728491,10.14277487403983
789,0.0011810049411344,0.0249826090949032,0.186569058465556
790,0.0014112651298382,0.357647770335699,-5.660499874979613
791,0.0008650247764999,0.274676490861677,44.47405413630538
792,0.0011551779043929,-0.0814835630062653,31.898967194959777
793,0.0004251889915521,-0.0259052549492981,8.1069348817006
794,0.0015074098112396,-0.1906543422940362,16.5146245999443
795,0.0011213873726863,0.1895958186930397,93.3493321079486
796,0.000852143172262,0.1494010511572107,51.41326868435152
797,0.0015989174870757,-0.0635497050370388,22.997728998868556
798,0.0008307504308707,0.1522062121180958,10.491670976453864
799,0.001416298297274,0.1119043453318789,11.804621201435369
800,0.0013482956217479,-0.0935526380742612,1.8114270269435797
801,0.0012249422997957,-0.0236703347341789,122.8702919249406
802,0.0012826046799045,-0.0107131925537671,79.78080409877816
803,0.000804872251671,0.0766750429684683,172.2086820262857
804,0.0011445394069223,-0.0199156726830505,6.433824882603507
805,0.0014741501608651,-0.0258701349211118,-3.293749576141211
806,0.001322246928135,-0.0856089550616916,-0.0498410589547697
807,0.0016383376275684,-0.3108332409141814,10.11641329280193
808,0.001393974319198,-0.105382147127689,1.1967321738746697
809,0.0003661740615505,0.3667948032290291,1.4778709134603316
810,0.0013047290203882,0.2314246664320589,61.9490116572964
811,0.000627828119307,0.3202041528426699,7.010355368513062
812,0.0010985188894224,0.0046856652080511,109.45440234838854
813,0.0007552802112312,0.1478958757405797,-3.4326915689571216
814,0.0017639574197626,-0.2647276908744356,7.201476525660856
815,0.0004736663109735,0.494295089099121,8.097429812699481
816,0.0010806787666692,0.0881374726924011,1.4593624919924502
817,0.000766586968557,0.2408253563907321,5.008184905181657
818,0.0006480031462967,0.3097845911525457,19.27998308340762
819,0.001218871432075,0.1459629563668183,30.264424127054625
820,0.0012111445791728,-0.04402238065513,0.644749721128494
821,0.0010342497047475,0.0519107780948273,159.7030146457492
822,0.0012002442371004,-0.0132265411864713,80.98147765872409
823,0.000761974836014,0.0644540135309702,207.49309260161309
824,0.0011096850337448,-0.0394025404578834,8.520806132008264
825,0.0015061638991245,-0.0636061859584506,-1.5220044574479692
826,0.0013392677183435,-0.1341301917193299,2.189103856047776
827,0.001640642375637,-0.3422006590776713,11.732605343313429
828,0.0013701094723559,-0.1100161963045036,1.2874029007548462
829,0.0003651793900077,0.3269275793478012,9.55144787388059
830,0.0012805118942825,0.2191692698124184,61.960265773833626
831,0.0006484076286196,0.2741270575567032,1.531548941978886
832,0.0009802037665356,0.0380629043388364,142.36816798055747
833,0.0007897038031592,0.0811592661646123,-0.654792160632905
834,0.0017335203767268,-0.2952409524217771,8.86034353651715
835,0.0005723490086153,0.4400782862987794,-1.141365071073133
836,0.0009617586641182,0.1233343822473912,-0.0090653813036223
837,0.0007047911154764,0.2349841075839891,3.762362460689512
838,0.0005174448266845,0.3415839046791529,19.886025028483235
839,0.0011470531290163,0.1600655562975186,30.77733478648729
840,0.0013485571303825,-0.093754788650566,1.6613795294330995
841,0.0012317272886743,-0.0268530129414075,122.754071362991
842,0.0012832009364183,-0.0112772803695206,79.53999990561535
843,0.0008051176662683,0.076563085274498,171.7923268206304
844,0.0011446846690077,-0.0200292972550473,6.425638447615625
845,0.0014736416154502,-0.0256196478903694,-3.3652463701452358
846,0.0013230350783332,-0.0860952360130344,-0.0592369930416838
847,0.0016389419377457,-0.3113018587253728,10.131812738694627
848,0.0013948565146717,-0.1060957147098775,0.986003905334674
849,0.0003661796930016,0.3666671337289591,1.3469747333196094
850,0.0013071033834318,0.2299306308273475,61.94171672396183
851,0.0006305461388865,0.3184255037800261,6.988075764536347
852,0.0010986321327328,0.0046123726110079,109.25654054492642
853,0.0007562989341333,0.1473934708732769,-3.524829003456873
854,0.0017661297284166,-0.266190913370292,7.22304203595225
855,0.0004765493198056,0.4924893786513645,8.041153555812944
856,0.0010823066640053,0.0868429369281288,1.4188050193215287
857,0.0007681947028332,0.2398482692550583,5.029852464969445
858,0.0006490788183879,0.3090540551919012,19.16685029970887
859,0.0012220774438107,0.1440657120220083,30.16423549809208
860,0.0012113468574659,-0.0441044307067501,0.6255298173820626
861,0.0010344555520462,0.0517945930319596,159.68787350747522
862,0.0012002230272458,-0.0132471750011193,80.96792470773845
863,0.0007621192242676,0.0643794060962751,207.4107570607952
864,0.0011096917272759,-0.0394085334171088,8.51849985270767
865,0.001506115342874,-0.0635962500022258,-1.5317269088531011
866,0.0013392669248685,-0.1341256541117845,2.188271136997759
867,0.0016406461866864,-0.3422032203076934,11.732733335380525
868,0.0013703184455527,-0.1101125880204199,1.2738693322891028
869,0.0003652144189888,0.3269047226443373,9.53284216079682
870,0.0012804910799129,0.2191728112872341,61.95240525875258
871,0.0006484829770392,0.2740655355423174,1.5332183908390218
872,0.0009803087040767,0.0380201403496899,142.33854395389582
873,0.0007898920789994,0.0810486264618765,-0.653666280080015
874,0.001733504403567,-0.2952899249655585,8.862908041883333
875,0.0005724974535648,0.4399991723257471,-1.1380260407085243
876,0.0009617899140086,0.1232976366647198,-0.0100683048812602
877,0.0007047897282445,0.2349847400343397,3.762170157680479
878,0.0005173424278049,0.3415921626951913,19.86161549228081
879,0.0011473220335389,0.1599551539936404,30.76208973984058
880,0.0008147264013005,0.2277315261018245,55.75489262615616
881,0.0009582813109736,0.2755036319162883,10.834268858562362
882,0.0014634287909869,0.0419219629200036,193.8907314378441
883,0.0004943037897888,0.3472503573252743,350.9166866683211
884,-0.0001169539851691,0.6335499943296363,97.55900488734626
885,0.0009625415339173,0.2790506266056008,11.444984156840588
886,0.0008777298304154,0.0557152620664638,3.861618596102022
887,0.0013465932138222,0.015345978807063,42.56632166645345
888,0.001867610174584,-0.1341089630371428,13.71384292942802
889,0.0011616661684342,0.2327694362386008,-11.718372697635438
890,0.0009467489962486,0.6083677127766145,-6.974985573540424
891,0.0004420211294429,0.5449798622470272,110.35408027915584
892,0.0008701322480716,0.2823025661072982,24.201600437504524
893,0.0013109198014112,0.0325199329567253,-2.326196500082652
894,0.0016828674882858,0.0376687769747212,44.42704966008601
895,0.0006201802241661,0.559827175449295,166.51172098537333
896,0.0014503403920671,0.1346420624373441,134.20362006090704
897,0.0013808139204449,0.016811902213634,54.98239323525204
898,0.0009188719316389,0.2560735132871246,33.310026742506224
899,0.0010355553127672,0.3117967093607079,63.45818086951388
900,0.0009669849864143,0.0278385602380631,20.32269334876696
901,0.0015718300700853,-0.0898816449702826,1.9390573468632373
902,0.0014222374669733,-0.0939605888011982,145.3200362986941
903,0.0005563643832212,0.1861753881559658,244.17844712537243
904,0.0005062523509881,0.238987127523507,69.50900467943292
905,0.00114577906634,0.0495825859140516,-1.5592729666747354
906,0.0004088099868197,0.0349925345841784,-2.8195020589916107
907,0.001082029744405,-0.0758528234703967,22.828444059635807
908,0.0015585508830003,-0.2437032243506142,13.160790331942088
909,0.0015547224056229,-0.0923818733700907,0.1088233878097038
910,0.0018974684694018,0.1715556644220192,-11.747070023188847
911,0.0009211205202516,0.3266566773903678,50.36041346568285
912,0.0010338184505321,0.02045628570844,17.922447639872427
913,0.0010197761964489,-0.0934800526422201,2.341296388633599
914,0.001590277098507,-0.1426823318666865,20.163389984680624
915,0.001010176741944,0.3391048826121453,101.82674167750793
916,0.0013225590520961,0.0321687864058943,79.80046736881805
917,0.0015319789520576,-0.1603559466618366,36.12909824058429
918,0.0008112410614712,0.1202201081472659,2.0106531651607504
919,0.0011242207343572,0.169715924129092,24.153253547598595
920,0.0008477134964208,0.0459256994501217,15.214760247941305
921,0.0015794135974526,-0.1400449027225987,3.455935216560211
922,0.0013676753590244,-0.110290247960874,155.71382733093552
923,0.0004440621077861,0.1949279834873409,282.215347281332
924,0.0003657403333389,0.2692540517191808,80.9179617990624
925,0.0010468161133547,0.0767959922693068,1.6291823738072613
926,0.0002587807422039,0.068153658965173,-2.1770915280678618
927,0.0009312098849986,-0.044392980811124,26.226922572721616
928,0.0014014987160467,-0.2331221924432229,14.214989697311209
929,0.0014976608738872,-0.0965546144982874,0.0435405942513218
930,0.0019803164173709,0.1047688941032846,-10.17961592407669
931,0.0010107243464168,0.2737785335617851,50.400026871469855
932,0.0008512001931211,0.0927805214559192,14.2209983140216
933,0.0008478990469982,-0.0582956928040161,1.102432053467721
934,0.0015002802110454,-0.1362602041247866,16.303626888158604
935,0.000974145610991,0.3171046666865647,106.58668355737
936,0.0012687021647224,0.0314025966835206,86.55221824161187
937,0.0014450914408852,-0.1468284120709728,34.56290731311112
938,0.0006413663390597,0.1512848535485801,-0.0653003741335782
939,0.0008618184238233,0.2320428986353258,18.020500459586835
940,0.0004718762934786,0.3189883110002438,-14.780345902207769
941,0.001304849683839,0.0009844334040121,95.45876107485252
942,0.0014064019077085,-0.0393026495759827,146.11554248731977
943,0.000786643903984,0.0612286271642317,115.387035565027
944,0.0010945839649489,0.0150996059492982,8.249795610178268
945,0.0017614017559774,-0.1922419649724662,5.217934145612726
946,0.000575851721307,0.2360263221780945,-2.33242651488435
947,0.0023114260432791,-0.5019777364669129,18.523344222242127
948,0.0010534784260401,0.1781593642815384,-6.131055203548505
949,0.0009871100308141,0.1389427858947255,-6.687765220460076
950,0.0014887776644004,0.1273597671423709,33.18441853566643
951,0.0010535327535529,0.2391707889942034,13.453167954966608
952,0.0006964787454222,0.2958150437332653,33.110033646904114
953,0.0011113772717793,-0.2020352648242827,12.13789682686749
954,0.0015888702572608,-0.2488703638129863,7.006806796341933
955,0.0012625167237592,0.1664238697865699,51.76909478253596
956,0.001620729414393,-0.1077711377353272,74.29813735109853
957,0.0003779037823625,0.5230094078801337,18.130641426539217
958,0.0004796209151975,0.3913010049313669,35.74387367793311
959,0.0008795058570526,0.1874437052214118,64.18865563792491
960,0.000490603492314,0.2667824730409973,-11.89070392848835
961,0.0012741469066575,0.0248010382853711,117.68473452660874
962,0.0013983485987155,-0.0604660871731519,168.21964398921045
963,0.0007240754687586,0.063790846574282,128.703759829662
964,0.0009731401418822,0.0564316610350692,9.139980878033324
965,0.0016768102215918,-0.1703303189427911,4.1075535890102906
966,0.0005640745173535,0.2026687765619453,8.09636137286831
967,0.0021598826067298,-0.4749521432136567,18.27276942627417
968,0.0012667326995552,0.0722567143434982,-3.8003560240646914
969,0.0010124509566004,0.1097923534080373,-6.244081566021119
970,0.0014551805658533,0.1386435168381024,26.944606206543774
971,0.0010600335195719,0.2145916466950432,14.673513068814882
972,0.000657884127032,0.2992818186174937,39.87101636821891
973,0.0010709300494542,-0.2105280555387219,14.003894227526128
974,0.0015170660775704,-0.2596792911762208,7.914829644093444
975,0.0012176270970847,0.1526118026321652,57.27687501743967
976,0.0016846527491743,-0.1442268567166433,80.35733259259293
977,0.0003081577918112,0.5261858860440773,19.639214202733704
978,0.0003659995711839,0.4115712915827575,41.5689452261679
979,0.0006967412904657,0.241968110793306,64.62787529918961
980,0.0009335221074655,0.0398073862065937,39.618535057873856
981,0.0012859567661461,0.1055687667486356,61.67898539899961
982,0.0010440168300506,-0.0549086679744048,104.64968583886784
983,0.0006760874082004,0.0688926433332087,418.6423235857948
984,0.000729983446521,0.0516429300759465,143.02570303833843
985,0.0010530139866721,0.0564034081097716,3.827402261560388
986,0.0009751486913895,-0.077816843455321,1.5974415278382084
987,0.0011954588094594,-0.0645049007884994,26.53783392737788
988,0.0015439398079269,-0.0698682182670695,18.300349302260425
989,0.0018357274011956,-0.1405947089210848,4.984722293928495
990,0.0020632752553132,0.0253883865498122,-5.160315976110873
991,0.001073011577012,0.3119752208329202,66.20141197441964
992,0.0015080294169768,-0.1805764168712476,35.12353057557707
993,0.0009630515326813,-0.044536061354238,2.276177416299954
994,0.0014245645023756,-0.1607872359391298,4.327028136473819
995,0.0019532615504932,-0.1571401297936117,4.513172388513103
996,0.0019217438447405,-0.1275009460012941,29.456641780191557
997,0.0012897729868293,-0.0760423859586931,16.249223337379433
998,0.0003663731071382,-0.0533554004630116,2.1616934372700904
999,0.0021957791548859,-0.3258114846126866,71.79147766371123
1000,0.0009401652256308,0.1092121162227319,61.54633598691096
1001,0.0011526638520514,0.1933106652915849,84.59138172657454
1002,0.0011530219780703,-0.0388970569299609,126.98543242118132
1003,0.000708521428799,0.1130102964476869,450.0523680060466
1004,0.0008877536711081,0.0497823857164747,151.12573290818716
1005,0.0009195043128381,0.1639429630430062,4.668921779945809
1006,0.0011164118594655,-0.0604734335180028,1.8466646390794348
1007,0.0013202437039764,-0.0436567844154962,37.285586425415225
1008,0.0015418384858885,-0.0076627520321441,38.20577381989999
1009,0.001727922662677,-0.0458553891417226,7.588892193510616
1010,0.0018897441578618,0.1515011174689018,-5.613444611250941
1011,0.0009557004253343,0.3897008676511667,101.5990482760074
1012,0.0016446594379851,-0.182056900406854,45.667811522871006
1013,0.0011093042670751,-0.0284641245002517,7.626972321115039
1014,0.0016369745725669,-0.1326434645603005,5.825418016920668
1015,0.0019931189658868,-0.0820165730222461,10.566653759576752
1016,0.002034241091073,-0.1057633893194369,42.45827303340231
1017,0.001428423494692,-0.0874790678205399,23.629830199475855
1018,0.0007125104381504,-0.1105951394938552,4.154232738433154
1019,0.0024289896290147,-0.3254344249594971,90.95567912080227
1020,0.0010278573779004,-0.0227724194261855,26.00001439590109
1021,0.0014268206723068,0.0122302819124663,55.55558906189007
1022,0.0011526126926838,-0.107569900386496,92.7688510749624
1023,0.0006657429602603,0.045304605740696,331.9286332072429
1024,0.0007137314302618,0.0434939784804192,113.73864338508749
1025,0.0008394949785677,0.1367448147042657,4.722764406173689
1026,0.0007609106334253,-0.0425454393445168,2.2778597738227395
1027,0.0012042693471986,-0.1112344889377996,22.4998113672384
1028,0.0014634573212892,-0.087336299058859,12.069459441283184
1029,0.0018143839744324,-0.1793397117419217,5.2028285840044335
1030,0.0021974810107336,-0.0376908444165784,-1.3708568104326466
1031,0.0014466492578645,0.148697256391823,55.00279680086816
1032,0.0015775049839369,-0.2242784408317437,30.0385964522054
1033,0.0008753534419209,-0.0631185853654887,3.8606474090657215
1034,0.0013005977373366,-0.1528006243481452,4.726655129039851
1035,0.0019644311763487,-0.1762509799372074,4.318253899196329
1036,0.0018274199003088,-0.1457417668592966,24.789056989959764
1037,0.0011948123407991,-0.0728403910269779,13.616841237343715
1038,0.0002984750865752,-0.0405430963677166,1.6542601710267788
1039,0.002077852668845,-0.3086154232863149,58.29572457227004
1040,0.001287536058301,-0.0710665733145448,71.64189522266093
1041,0.0013163248171487,0.1035773393780919,48.09362844590641
1042,0.0012117176735519,-0.0272031966965924,58.99412740406931
1043,0.0009133049037812,0.0295713486075365,184.91334437741924
1044,0.0011570959978527,-0.0553536048285108,76.74934782411881
1045,0.0009402845850835,0.2296387523462582,-8.686197747837772
1046,0.0001306642384001,0.2072601359717222,29.2613996118592
1047,0.0011832228445085,-0.0868190020294306,73.41261827554584
1048,0.0014247633700414,-0.1741871968570167,29.80209869387796
1049,0.0004971268243655,0.2275076991166134,-5.458494904755317
1050,0.0016435303603726,0.0034800039172847,11.684697184974326
1051,0.0015709870738512,0.0491684515989645,101.42629482687704
1052,0.0012819074875353,-0.0586195603015333,41.73982933498146
1053,0.0011926974760028,-0.0165482494782966,65.35622503762652
1054,0.0012693631074275,-0.1622819464567604,43.04343001819209
1055,0.001861913225708,-0.1475075668274781,3.65126967419408
1056,0.0018857097521566,-0.0475232360382231,7.013529657322203
1057,0.0017541011696281,-0.1032405775514828,7.486318354590104
1058,0.0008560141582141,-0.0556775759591601,0.739583237613189
1059,0.0020507322472835,-0.1991077434420528,23.850916231492377
1060,0.0013099623596349,-0.0162528634534169,92.91839082942928
1061,0.0012691565298601,0.1650548091375319,69.66159966386441
1062,0.001317697211724,-0.0157922337594742,77.32699293572759
1063,0.0009982864893723,0.0511887911125316,222.71439542035355
1064,0.0011783029344938,-0.0092466670363098,89.82432569824503
1065,0.0009399315240056,0.3053645213796858,-11.019939302826058
1066,0.0001581231616065,0.2419541195923422,34.93614422783292
1067,0.0012899040773836,-0.0689584871271875,98.40729053778792
1068,0.0015174551049841,-0.121276771796873,38.01558486054797
1069,0.0006119199079451,0.2596620290691062,-7.246555102687479
1070,0.0017297138962987,0.0382780715806928,15.780982693280956
1071,0.0016564430140395,0.0546521609810626,145.48902223706415
1072,0.0014223901260089,-0.0649458287834682,56.31815382872331
1073,0.0012925352381767,0.004950788604265,93.19022009264962
1074,0.0014413848976155,-0.1696542609315805,56.53697262908752
1075,0.0019685857906399,-0.0937355551168117,1.8022531196673457
1076,0.0020172562727489,0.0022438019037461,11.3514134608185
1077,0.001843442516531,-0.0887411441817012,11.550410794753471
1078,0.0009404054700179,-0.0155773435783832,-1.275944643739099
1079,0.0021021736492509,-0.1367016731540289,30.626628124122185
1080,0.0012589187900858,-0.0954056206320466,60.960092543934174
1081,0.001545851847162,-0.0206198619822848,43.9970907646255
1082,0.0011200500377812,-0.0372020392484593,51.50751148933792
1083,0.0009189505614506,-0.0172382983245833,150.60612481546593
1084,0.0012554899575604,-0.1334763467309199,65.13249879721891
1085,0.0009775087954074,0.1972030178592787,-8.121467948947629
1086,8.743456749016332e-05,0.1933159377512194,21.15033470710464
1087,0.0012005064884852,-0.1292490479981466,55.688373913303565
1088,0.0013672370184331,-0.1938665172574908,24.016889640986065
1089,6.62398812855125e-05,0.3468636993500688,-9.049763384869284
1090,0.0015317648712335,-0.0061978218597646,13.381401639039186
1091,0.0017716774437787,-0.0387350339790149,80.98892253427387
1092,0.0011747713745859,-0.0534560198298836,31.43081980671392
1093,0.000958241970574,0.0132998168734498,46.535952625675904
1094,0.0011261963186992,-0.1545457586483197,34.07049775584874
1095,0.0018287508700821,-0.166323090837317,4.475356271906218
1096,0.0016630180532647,-0.067452500281455,5.847903741537035
1097,0.0018365421831409,-0.1896162140547459,10.505951049592152
1098,0.0009231129546486,-0.1070973783856963,3.967087663755973
1099,0.0021107085601101,-0.264256480485328,18.9866420539848
1100,0.0012928969957851,0.0780764230023954,109.34217112560302
1101,0.0014027930305163,0.1751905090321122,130.0713115555496
1102,0.0011482669107127,0.1963168975076157,76.5072018474566
1103,0.0005649519987754,0.2961471989124676,71.79876714034978
1104,0.0002836646211681,0.4741060983391963,0.8712465631754195
1105,0.0011259920942496,0.2312434039445667,-8.097002832669679
1106,0.0003832026620012,0.3606638921555548,-3.9476372921216503
1107,0.0013069657995603,0.0019598412344077,117.97345171103012
1108,0.0005774315907566,0.323572772870989,52.71588578692725
1109,0.0015526029223646,0.1870274640002506,43.9139030716557
1110,0.0011759771952879,0.4438069747453296,77.13340664425955
1111,0.000541614334791,0.3185437576680411,33.05767428666139
1112,0.0016555635964667,-0.1694158610854108,4.815265731433989
1113,0.0008848494723139,0.118789680318067,2.8572192340328
1114,0.0016573682712384,-0.0504797491792965,1.224990731990066
1115,0.0021855700834383,-0.088115634663936,-2.2172491130766527
1116,0.0019558234217641,0.0685895006861228,76.26900521542572
1117,0.0009779800374001,0.2312969713792948,66.00943664213997
1118,0.0014034223480684,-0.2057368693156267,17.073423956243424
1119,0.0017705224470146,-0.2584540432253708,6.736933222685247
1120,0.0010227879909625,-0.0094442917596966,65.40169627537435
1121,0.0012773155366958,0.0633721094514925,56.5869053045064
1122,0.0008939509205552,0.0890435683549315,34.36973292684336
1123,0.0004363474665189,0.1803967869235728,42.907978506009975
1124,0.0011233920919196,-0.0473769228419491,7.234261093812261
1125,0.0013854420760775,-0.2510710888065867,8.008537325418931
1126,0.0017530091811392,-0.3250888613610287,10.454249500688556
1127,0.0009180090924132,-0.0172665249111843,55.78425481542306
1128,0.0005547238331372,0.2040137486468269,13.13059464130282
1129,0.0014169846494717,0.0760182133288768,1.8226060131114616
1130,0.0018201555792497,0.0849903429950209,27.603429495949435
1131,0.0013228803448963,-0.0692706373361613,16.10714599885152
1132,0.0011114928501255,-0.2086864378108355,6.689652985256826
1133,0.0005900490440243,-0.080394324766033,2.240431653515128
1134,0.001096365502283,-0.1755099474009933,4.957293448755187
1135,0.0023442856729314,-0.3843307093655685,10.94840202818247
1136,0.0020518100451255,-0.2025521558405871,53.60747220352855
1137,0.0008890041489743,0.1150984372508007,36.26379673251794
1138,0.0007935773456865,-0.1389938968013719,11.007574968154756
1139,0.0008835642961269,-0.1693912203825487,5.3954640036853005
1140,0.0009060262269418,0.0037280625657991,73.4504102723333
1141,0.0011976284997086,0.0406124407833359,86.01213382746174
1142,0.0007402119903208,0.1322835598834753,36.22695221128522
1143,0.0002257913725301,0.2190411264313603,43.33068955547772
1144,0.0011005518256803,-0.0605850802677638,8.159833229203073
1145,0.0013610895411576,-0.2438802870453971,7.568815079207178
1146,0.0017055620504528,-0.3228620337367529,10.189020894278382
1147,0.0007573192484188,0.0109647306874255,62.74042995525014
1148,0.0004179704722805,0.2261693695009533,10.48346106978222
1149,0.0013055901858075,0.0813606527491892,4.665450359867399
1150,0.0016552448760289,0.1349270621703544,31.31559618524625
1151,0.0011491177585165,-0.0587461861548463,17.75802895329794
1152,0.0010583343585247,-0.201028775455573,6.4486094317431295
1153,0.0004680227316343,-0.0642390929620262,1.4861638574308973
1154,0.0008401109077054,-0.1426931652881018,4.173165391058665
1155,0.0022244333444432,-0.3987070529411345,12.107777408020516
1156,0.0020626280214894,-0.2197623008440108,58.01576900603612
1157,0.0006949729120867,0.1470206469285694,43.292935882621336
1158,0.0006004871036691,-0.1014154953077963,10.799987873558278
1159,0.0007475143344078,-0.1432657617543544,4.571687260563608
1160,0.0007638645470667,0.1470341117696995,49.468768716838014
1161,0.0011162825445092,0.1534710673212547,14.56729950491542
1162,0.0014123525760174,-0.0883173256063734,119.92848443759988
1163,0.0009968387584815,0.2244836384642647,207.6153043418425
1164,0.0011384502960103,-0.0496816712926071,67.49036731095988
1165,0.0016611644544569,-0.2064555028212957,8.585502539531955
1166,0.000838688152678,-0.0604969704557298,0.3494338726092284
1168,0.0013463451672361,-0.1240275338801779,32.60945082098051
1169,0.0018661607038279,-0.1233298668384177,4.314055415564695
1170,0.0019598965535206,-0.1537324087755731,47.114098637465766
1171,0.0016584982863964,-0.0319160940064877,148.19982868913152
1172,0.0016843194396781,-0.2384981342252423,49.88699813335693
1173,0.001775998687449,-0.2315294893134454,24.280611883154496
1174,0.0016748821965024,-0.204463864398255,13.888784132312988
1175,0.0013924040113967,-0.2365006300797028,7.438350181261529
1176,0.0017626989451011,-0.2379588357574884,6.276672817308233
1177,0.0014627599333053,-0.0806459579845633,57.78511698362782
1178,0.000878250694038,0.0011666333287497,61.4508413536199
1179,0.001237262330588,0.078472712099032,36.3716245380392
1180,0.0008040404234789,0.1863537979596066,63.8617024128596
1181,0.0011614926525629,0.1906817562208725,26.72978619612677
1182,0.0015714373544017,-0.0915239634097331,153.59191243747455
1183,0.0010367771619549,0.2700703234143677,250.3614748082649
1184,0.0011838860413362,0.0199380749005827,77.09979365547572
1185,0.0015220648920429,-0.0377912297991565,3.5850144701770814
1186,0.0007373480437115,0.0756245902208139,-4.69179282374335
1187,0.0007702021307094,0.0002609111455443,103.82962512305626
1188,0.0014602403847343,-0.1095007813623842,59.25223858076558
1189,0.0018051664561944,-0.0394643050952827,8.289596574274162
1190,0.0019981517853375,-0.0858200096550789,60.926517377350976
1191,0.0018422652200315,-0.0436859796260153,202.2921113747356
1192,0.0018692280811372,-0.236507319233336,63.80066247284879
1193,0.0019220037591772,-0.1786100131352466,27.38758711726408
1194,0.0017328086378421,-0.1435850892328933,13.9059233664808
1195,0.0015798143917196,-0.2509410557202671,7.728383179227895
1196,0.0018280243283306,-0.1408152505630078,1.798729108299511
1197,0.0014924251849307,-0.0126171946849096,68.61183745387189
1198,0.0010261014466147,0.0149348538145884,81.12811632046623
1199,0.0012893954923851,0.1215352238847221,56.82524753022256
1200,0.0009630057517429,0.0730863471996587,45.65084944122711
1201,0.0013152319717675,0.0552367275219726,17.778117591093228
1202,0.0013650471617527,-0.1098433710779076,101.86885161316852
1203,0.0012553855171262,0.1043631993076884,172.13756993354605
1204,0.001131162508987,-0.0735214284762404,56.69071196731564
1205,0.0015675209419623,-0.2194148307305856,9.174332458001832
1206,0.0008766567743894,-0.1249888107577255,3.581342196375318
1207,0.000685061438323,-0.0597030091415624,60.0788061395084
1208,0.0013201767731344,-0.148315093597205,21.596990547170083
1209,0.001741839341579,-0.090434374903501,0.6891139506337296
1210,0.0018896604758787,-0.1541359347723896,39.02995107409576
1211,0.0017646771564042,-0.0540473423322693,114.16950138871326
1212,0.0016178369418746,-0.2403040158651459,40.46081719953911
1213,0.0016591552394561,-0.2287079036352057,22.47281121905998
1214,0.0014802743929995,-0.1810558517276326,12.803825312104866
1215,0.0014042180682352,-0.2456640595058823,7.914099082983531
1216,0.0016397119720254,-0.2637771927879895,8.088269197748746
1217,0.00150952642131,-0.1363154543869043,51.14162856861374
1218,0.0008551602058595,-0.0166743840464731,52.30257521731788
1219,0.0015093988910952,-0.038239548352547,29.99109241228217
1220,0.0009400892712876,0.1632638050266602,51.75266505721728
1221,0.0014117999143343,-0.1449934585083721,10.852688765567436
1222,0.001269117137837,-0.1450427088505954,140.11374673590066
1223,0.00112259980397,0.1683179008426425,185.46559706857929
1224,0.0010308399358415,0.0033709836640833,27.16818525115388
1225,0.0015438346955234,0.01884484732683,-4.213928986777981
1226,0.0006353858590415,-0.1027467879133127,3.066356399246553
1227,0.0009017127508487,-0.0741700355951318,168.70771230979736
1228,0.0012226905429751,-0.1506728006760829,27.13834081653354
1229,0.0018412861788684,-0.2375198663937654,6.07507639166874
1230,0.0018866716176743,-0.135526703091898,42.22542761251536
1231,0.0010185743106229,0.0568871598335675,54.2504175777434
1232,0.001139366829293,-0.2003871403246833,10.4977659285999
1233,0.0016840019446833,-0.2756815845444125,39.99313490986193
1234,0.0011599798755275,-0.03284438771933,7.287751476177917
1235,0.0017208472030003,-0.2398623777283551,6.364914467594859
1236,0.0020918172927455,-0.092747899895808,23.725524562543622
1237,0.0015296780033526,-0.1036174804428413,112.0543770827432
1238,0.0009601623676041,0.0172464659918689,53.35171787631644
1239,0.0009090732922149,0.2555730014688041,25.569455915902594
1240,0.0017794255878951,-0.1183304849322719,85.6209668965201
1241,0.0014256973612224,-0.1850709973466842,15.973162348813204
1242,0.0013000044143157,-0.1629319756544234,188.11560050076488
1243,0.0016444531260811,-0.0393832717388464,235.8650675299589
1244,0.0011226329240999,-0.1525801866388429,45.72542278921511
1245,0.0008859853099344,0.2040939147968601,-7.312239716170548
1246,-0.0002584820778124,0.3246650092685195,-6.341302322357651
1247,0.0004986585213724,0.0748591044197618,206.9416586321316
1248,0.0008810605685408,-0.0865178164108892,33.89281724569311
1249,-2.2233928726134167e-05,0.396022792336818,-6.1690117499043655
1250,0.0015943314425937,-0.0262651535138971,58.61074971228808
1251,0.0010916648632217,-0.0428986452990012,106.62446449950887
1252,0.0006832308889582,-0.1141732229536475,11.28139991071548
1253,0.0013995202936505,-0.2217771054145898,50.917204802121
1254,0.0014164795807099,-0.1877840259096491,29.91182461454063
1255,0.001724933211831,-0.3057073057354775,11.329732007273591
1256,0.0019407949121462,-0.0699078503846399,63.32389615073163
1257,0.0011422802103611,-0.0681190078436415,130.91028319856682
1258,0.0010268111250316,0.0115939749771389,76.28714191559648
1259,0.0019626948911095,-0.1569166508175297,62.45908171095172
1260,0.001339516043049,-0.0103762005414951,43.79086656357784
1261,0.0013307871182204,-0.1379689555158758,9.293878762291373
1262,0.0012772007185493,-0.1607122144521495,118.2738426397226
1263,0.0013103341655979,0.0705359050357111,161.57189766417017
1264,0.0010961005160461,-0.0695432844411405,24.38279469363153
1265,0.0014643276219186,0.0058590828250666,-3.2270735157572634
1266,0.000628251140142,-0.0850417446143025,2.256779188506094
1267,0.0008872734834282,-0.0822026682657528,128.54094293792713
1268,0.0008379182788712,-0.0789447640744454,21.517102337828128
1269,0.0016934963070456,-0.1996774370084477,5.159192749774233
1270,0.0018391621410327,-0.1553261084162815,38.80662085411296
1271,0.0012261018406332,-0.0149263248970217,42.06264278878282
1272,0.0010889096699122,-0.1926718937510509,9.301574462793893
1273,0.0015174485235042,-0.2421161042183919,29.534476469699285
1274,0.0012101826093624,-0.1112755155455231,6.907768697553934
1275,0.0018538905246369,-0.2713593294482748,7.532377739213254
1276,0.0019859835771232,-0.1143884944467299,12.880973682434078
1277,0.0015286322379372,-0.1538788051598814,99.3692623886876
1278,0.0009084509326067,-0.0001050494160774,47.57531204781006
1279,0.0012515037199536,0.0985959195007337,26.808611635492493
1280,0.0013257841727075,0.0662666829060308,88.35242140465793
1281,0.0008845109768176,0.1522305317031642,81.93070516147328
1282,0.0020990560872804,-0.2359201105770201,88.70951188184526
1283,0.0008956255722743,0.3077478110810006,137.78052571104936
1284,1.1038208422076146e-05,0.5035520526070136,6.46028084451864
1285,0.0009199541694289,0.1654617953318676,-9.982242633904605
1286,0.0006551358553091,0.1073888291578937,-7.653282329188119
1287,0.000996480333485,0.0049721816870246,273.8176152222477
1288,0.0012347217833857,-0.0252929949920646,46.03250009810813
1289,0.0012308835029254,-0.072232740925086,-0.0192753272337899
1290,0.002065024918614,-0.1442984442591546,109.10305439682828
1291,0.0010120750827849,0.1803939853721672,32.8227689024957
1292,0.0014282698954568,-0.195399069311269,5.565584337287371
1293,0.0020260305413813,-0.200983077874949,2.80492607425294
1294,0.0015945628563736,-0.1332877911608165,1.2539805451934565
1295,0.001128823175814,0.3356470742282723,-16.937713783746588
1296,0.0020615567390583,-0.2377820989320043,4.893392367839671
1297,0.0020008050719242,-0.1936992815158735,34.69733408995267
1298,0.001142044554189,-0.1679318724832768,11.68097443946976
1299,0.0021018011078806,-0.1174159943317865,17.615949859462017
1300,0.0014369064522523,-0.0430981255590656,53.716655789392135
1301,0.0009430177312623,0.1078886860993889,23.13089963519485
1302,0.0017438321596037,-0.2004480627205276,62.15474920547934
1303,0.001117336331285,0.1046385476490822,119.45034294741316
1304,0.0006829643945958,0.118315649350443,12.658585218599072
1305,0.0009236805843454,0.0673627530048058,-5.146942559494545
1306,0.0006610198625809,0.0380441314826359,-4.195866048854791
1307,0.000837234823261,-0.0393342789275645,175.09990102150272
1308,0.0011231568419583,-0.1620814590457051,38.3474607596949
1309,0.0009618232064873,-0.0551241609046795,-0.0063100676179099
1310,0.0018146999038369,-0.1673474108039492,76.64564405979269
1311,0.0014659904440336,-0.0356422349307152,27.849599958778143
1312,0.0010505628255824,-0.1255743338233011,3.553786363318048
1313,0.001752679164271,-0.2411230482579021,6.311668731810195
1314,0.0013186131392917,-0.1936487404062994,6.402496880844096
1315,0.0012112604043206,0.1575140813129661,-9.057309870380072
1316,0.001564844316325,-0.2031416820674307,5.44302509725932
1317,0.0018694971368955,-0.249832466105972,35.055613612037824
1318,0.001042044367791,-0.1728788169302901,11.956680576078025
1319,0.0020550392055701,-0.2066933282089957,14.492025162404548
1320,0.0011067042943552,0.1003758663925992,81.47453952809394
1321,0.0009686508340532,0.1662975268813491,83.30024813608411
1322,0.0016628773538521,-0.0951776276986751,83.57558110335631
1323,0.0011147021335411,0.2206028055713164,135.79076076672123
1324,0.0003385681703608,0.3812704559322921,25.064596288197304
1325,0.0012027576034775,0.0088621570359936,-1.0584836225046337
1326,0.0007760822265144,0.0790325322386082,-6.281941075805261
1327,0.001117091204037,-0.0336149569007644,245.24032190383355
1328,0.001250515763613,0.0014877448091692,72.22605635626229
1329,0.0017348037389571,-0.2599440643875051,9.919667876517966
1330,0.0016984879172703,-0.0717660550214613,92.30012696707854
1331,0.0012809519128089,0.1193944636921274,52.919292607920205
1332,0.0014670021630448,-0.2263927054195336,8.87007051395269
1333,0.0021554208556228,-0.2884994048475839,6.994796710240692
1334,0.0016401189276615,-0.1176387735711976,0.5165463745228378
1335,0.0010830811375114,0.3118912796476447,-11.66313887915722
1336,0.0019057743958407,-0.237875478853444,6.694833932583739
1337,0.0017926939775507,-0.1366257284762846,29.0756955854113
1338,0.0007454572200881,-0.0267227061696759,10.48108816720787
1339,0.0024263686498938,-0.2563792791889994,19.695393008027278
1340,0.0011859120418271,0.0037627229404999,48.784469210552
1341,0.0009728657537155,0.1382506464977024,23.230209196759144
1342,0.0014798007626942,-0.1173831691148497,56.20527725269677
1343,0.0013001527767479,0.0329278622718621,116.59531401261326
1344,0.0011472176512122,-0.0427904486639643,28.49430522959779
1345,0.0013677370672441,-0.1443963385767124,4.938533735231111
1346,0.0008295487711004,-0.0089983575871817,-2.021370217024229
1347,0.0008709342071688,-0.0552758870517258,155.45497843189546
1348,0.0011470309145898,-0.1218491456804,54.46181377140441
1349,0.0015278341274325,-0.2839944262654328,10.885996017637346
1350,0.0015374916152821,-0.1403035893666085,66.60991506197183
1351,0.0016303595962914,-0.0707316339727136,42.08113611394487
1352,0.0012472533693984,-0.2153069678147985,8.779024714542274
1353,0.0018357558629276,-0.3043748476938197,9.452063091809384
1354,0.0014053615029455,-0.1803151468044344,5.560434934104968
1355,0.001375908651118,0.0703611897647226,-3.858576106786004
1356,0.0014164264922181,-0.1965211909186324,6.36899180442553
1357,0.0017352780163208,-0.2270815773227248,31.482027122515102
1358,0.0006295473054653,-0.039192344210859,10.917853930476282
1359,0.0022719885703679,-0.2984632428343011,16.273687474359512
1360,0.0005423747974457,0.3941963641718337,126.0603117760605
1361,0.0005907942926759,0.3697893713078098,77.61645094332026
1362,0.0016043563753474,-0.1543909220755829,67.33178331830796
1363,0.0004589226403474,0.44729126063177,151.15307523371828
1364,0.0010998988789125,-0.0754143350938503,15.59339192851292
1365,0.0007055341001964,0.2272641381145304,-11.877396594151891
1366,0.0006113489929905,0.0796460951266928,-3.8583509521920254
1367,0.0007065099491431,0.0319978637123931,232.7694191344398
1368,0.0014471379654104,-0.1211500099712761,25.90323934221758
1369,0.0012960336599631,0.1178082893595003,-9.604959825788912
1370,0.0016600131324302,0.0614439446195317,104.4986494721491
1371,0.0013970233362663,0.0679131703164107,23.79650194101084
1372,0.0013634393086376,-0.0929986005640328,6.100371705345181
1373,0.0016177241908172,-0.0859412076528609,0.5039179408183352
1374,0.0015865172047128,-0.1114237157676393,18.6912399746912
1375,0.0003944577055748,0.5985464114822644,30.222654639809672
1376,0.0015420524368614,0.2623957953987785,65.4940648422831
1377,0.0010492594775808,0.2581876288910379,7.554194373886732
1378,0.0009865171256012,0.1711381119222847,0.4028703923880655
1379,0.0005545641562791,0.4666685726352969,56.28988037651131
1380,0.0007754348783461,0.2126747472289464,70.06711547813136
1381,0.0008600415083099,0.160282528373343,33.95036086335015
1382,0.0011933919386449,-0.1291231774008279,34.92214094338415
1383,0.0007957457951488,0.2244478126998807,107.42550561519708
1384,0.0009675781359214,-0.0903708033553796,12.713041015613967
1385,0.0005401766333337,0.1916957907998504,-10.364582741164948
1386,0.0004825448596844,0.0274381282159731,-1.829028254928481
1387,0.0004188089005018,0.0471333548264178,140.94112143284826
1388,0.0012053569910308,-0.2080014848366679,24.88123774990726
1389,0.0013649584321999,0.0212902424455723,-5.391935462707356
1390,0.0017033578982088,-0.0740560685813724,77.39747270429616
1391,0.0015126986831361,-0.0580371405914994,22.164052716060432
1392,0.001339868486721,-0.1569179500886826,3.252440230001527
1393,0.0015764654911082,-0.1531478788678031,2.172048041683815
1394,0.0015067649162776,-0.2158950086086695,5.77326677192957
1395,0.0007022877001182,0.4236416449536491,12.932674616742618
1396,0.0018896606096042,-0.0006704327881503,35.65735295007129
1397,0.0015490888444836,-0.0107533520818382,9.931648912294069
1398,0.0011270675016852,0.032236414330976,6.33500707260544
1399,0.0010075806689716,0.2364636856340813,34.299191616000805
