a,b,c
4.467601253721476e-06,-0.0035887550393336,0.2279603285866006
2.3291270495606757e-06,-0.0030243562713658,1.2979284858519358
4.554984224448854e-06,-0.0030000710806704,1.172927845561469
1.962497503427111e-06,-0.0031010378054449,1.187142618177589
3.199207944337701e-06,-0.003261848427315,0.3466945524168082
1.626662961773384e-06,-0.0024016952209371,0.3353440082362835
6.179567940689523e-06,-0.0046704330932203,0.2398795612436066
4.24165395462861e-06,-0.0043319780613531,0.2046602108635061
5.230314390398958e-06,-0.0048416754489548,0.181744012164935
5.010166116647952e-06,-0.0038455053346888,0.3001646373148828
7.1358877431828505e-06,-0.0040340973731961,0.2121604142193535
3.637777188122998e-06,-0.0025745939905673,0.6674885044465416
4.179864139877696e-06,-0.0036554865781704,0.1767458590156567
5.086282471698402e-06,-0.0046740278612479,0.1733172349868651
6.642083071439764e-06,-0.0044799170201228,0.324983467287712
3.155532917187287e-06,-0.0025530463408067,0.2014153293007654
4.154166114636995e-06,-0.0037924176732776,0.1503717235798146
6.535172968267123e-06,-0.0041854326037669,0.4703369845409546
2.443892652581603e-06,-0.0032844517558667,0.3925627802883445
4.3622152203770526e-06,-0.0032524774676367,0.7667150666593349
6.310530492833715e-06,-0.0049557714718228,0.286444797518225
2.853147932913025e-06,-0.0041013807864236,2.0297946379313845
5.725940335432611e-06,-0.0038253235384277,1.7595645459293037
2.538229677440107e-06,-0.0042022775289634,1.749147803336028
4.599713178121689e-06,-0.0044809753327865,0.5425257643424228
2.2113073973040187e-06,-0.0033429527766957,0.4674555805433048
8.04156650957566e-06,-0.0063582286827432,0.323212030790203
5.716661347194767e-06,-0.0060164157115912,0.278417403649376
6.9209511086914825e-06,-0.0066804913711793,0.2486821364105033
6.8422175728555246e-06,-0.0051764262575899,0.4147336003135644
1.0467330505914418e-05,-0.0057176319504426,0.2772879150875075
4.343646464066708e-06,-0.0031856278739879,0.9686653268982112
5.906898869589838e-06,-0.0051234939652518,0.2440627302637484
6.564093087276972e-06,-0.0063779750914738,0.2343772796901035
8.90051692861012e-06,-0.0059111538131987,0.3996795580602057
4.52203176346978e-06,-0.0036213901337968,0.28312281898314
7.303343918074745e-06,-0.0059875338370951,0.2212958522134221
8.840278160615611e-06,-0.0056616473399373,0.6783156193054025
3.2768059747834144e-06,-0.0045676051801553,0.6342144987051941
6.281950928378148e-06,-0.0046430090511537,1.2792497809993313
1.3069293634315748e-05,-0.0100701245083179,0.611197842309362
9.890310155684218e-06,-0.0095727253501255,2.8766819830792856
1.4953211870394334e-05,-0.009068558723466,2.712028855135894
8.029573444923166e-06,-0.0090049015560578,2.7467413568476684
7.747056027795907e-06,-0.0083785339115742,0.7093703513089303
6.566424090738004e-06,-0.006447464315804,0.7710003662915289
1.8166198983426973e-05,-0.0131613415613147,0.6726772569343997
1.4248884819489938e-05,-0.0129944420101493,0.6134311342601442
1.7176978000735267e-05,-0.014329982249581,0.5542844464303971
1.5779191680720395e-05,-0.01108679660511,0.7505427662424107
2.00709404319932e-05,-0.0109033706373264,0.5763338056172679
9.739422565879783e-06,-0.0066569446007969,1.546707526501509
1.3165610410516594e-05,-0.0105973850783362,0.4933465213702253
1.3479103199972852e-05,-0.0126876044290998,0.4881636909997884
2.0551164052085014e-05,-0.0132953947177949,0.8271349775459473
1.0634429624789554e-05,-0.0070733367813502,0.4820239187337326
1.3273466711915108e-05,-0.0110092031873489,0.4327733823398349
2.1011195386102347e-05,-0.0122489880576323,0.9655054474196516
8.655992225217819e-06,-0.0090133114853195,0.752776922640408
1.2850899185123945e-05,-0.0090097578442365,1.5436363829552495
4.473090006396063e-06,-0.0035979847589646,0.2269120276552857
2.297365938683541e-06,-0.0030162489639401,1.2936738401290198
4.567897136209531e-06,-0.0030140914451495,1.1695643060984358
1.961135965371172e-06,-0.0031046152062231,1.1839335063291798
3.200812569437161e-06,-0.0032677449828368,0.3455819283913222
1.613949884404775e-06,-0.0024015533689667,0.3338059148110662
6.204895081107932e-06,-0.0046868486326595,0.2407898752583402
4.229784893894362e-06,-0.0043359196401611,0.205082522171612
5.220255545723696e-06,-0.004842629821455,0.1818310980233431
5.018547182071719e-06,-0.0038538057602929,0.2997017205902403
7.134098907846109e-06,-0.0040379794607339,0.2114346338416207
3.652821052635424e-06,-0.0025812862008849,0.6645881535782507
4.210365377343983e-06,-0.0036747088533499,0.1777021774978179
5.057779870104071e-06,-0.0046672006446941,0.1731608939116895
6.645575727604047e-06,-0.0044857800754378,0.3239724834007141
3.13403252564552e-06,-0.0025511320141638,0.2005843782777056
4.180577768765331e-06,-0.0038064334865319,0.1505088817202897
6.569113897181289e-06,-0.0042016944332625,0.4698551691216729
2.462944316206057e-06,-0.0032921868311253,0.3912788864110171
4.3377423737895095e-06,-0.0032466179252065,0.7642625487458845
6.745356763371291e-06,-0.005312696464405,0.3054073095895453
2.990212817906079e-06,-0.0043585528025539,2.148840510357113
6.104609312531677e-06,-0.0040945694787601,1.8638965665040133
2.703762948530475e-06,-0.0044836045903728,1.8525361632388957
4.909973043920601e-06,-0.0047893882634548,0.5753164433270341
2.372801106487188e-06,-0.0035779141593785,0.4945883955565858
8.569732811129038e-06,-0.0067925892545522,0.3451046035921115
6.111527815982616e-06,-0.0064353051847041,0.2983630167767677
7.360990251304744e-06,-0.0071247654279175,0.2655264839452461
7.279653873037972e-06,-0.005518862125766,0.4380690925985556
1.1197382442817982e-05,-0.0061269993781849,0.2963727483139599
4.61195942003112e-06,-0.0033994842756412,1.0236487544163189
6.320139406046366e-06,-0.005480288345832,0.2605613452850107
6.9739865362628e-06,-0.0068005641891948,0.2506685168723803
9.474875236725744e-06,-0.0063071522000945,0.4235456059067051
4.819100310343927e-06,-0.0038704880948532,0.2992331433381592
7.822408110335511e-06,-0.0064080475805963,0.2370905067453853
9.457595764075588e-06,-0.0060536740999859,0.7193064115724915
3.4881851562751365e-06,-0.0048683987602844,0.6721752344402324
6.705369374358944e-06,-0.0049571296692582,1.3548243126715822
9.762189070726366e-06,-0.0084621473081465,0.0813105516249099
1.0928207945903878e-05,-0.0072332623638138,2.026899305326597
7.602233079006762e-06,-0.0057777414163763,0.5701463175077581
3.4955441097217488e-06,-0.0059254075148846,1.876669832018484
4.515298806295753e-06,-0.0057479583157129,0.2555765402956488
1.6123429806835787e-06,-0.0024868815862519,0.3258650355692472
7.205122580455914e-06,-0.006618335949631,0.0391266386418976
9.765447493338252e-06,-0.0076923314750967,0.1049983118171031
7.521890376560591e-06,-0.0062373811257867,-0.7132680186549991
9.108440786609329e-06,-0.0071619400712574,0.0148828168953807
1.361931172660924e-05,-0.0074644385418158,-0.8076672904765076
4.123945868281142e-06,-0.0041425354783712,0.1050270745800587
6.332170500278345e-06,-0.0056427928348348,0.0315563827829116
-1.99259817685263e-05,0.0055227105994906,-0.55203639455952
4.579174559093957e-06,-0.0049563243393215,0.3912110849050074
4.943309980243171e-06,-0.0037565263040588,0.286499877404896
8.854067443981232e-06,-0.0077140633211221,0.1073952606729865
9.613033664433148e-06,-0.0080595800888643,0.1208795640207376
4.714732461441606e-06,-0.0062944036002337,0.6712098512733925
1.0706452534623647e-05,-0.0072244807615356,0.9537574036158296
1.3088394866356268e-05,-0.0104379135268226,0.0948374252248619
1.3744223374529385e-05,-0.0092337068064885,2.052459031782188
1.1335145887992664e-05,-0.0076927037302106,0.6307798143742968
6.355929980106367e-06,-0.0075921780991454,1.781103548369451
7.671679835841161e-06,-0.007646297224813,0.1148978887546641
4.43749742595756e-06,-0.0034756416840993,0.2891935107775788
7.48788082982621e-06,-0.0069258665739297,0.0057464203025132
1.2742623059280866e-05,-0.0099670285308139,0.156963216016609
1.0852094487479036e-05,-0.0081864158867173,-0.7398520000408921
8.854994014373396e-06,-0.0073800856415982,-0.0178328511621996
1.690492570182194e-05,-0.0085372494605359,-1.0119297784440529
5.260483509850818e-06,-0.0051225702962578,0.2068551745107762
9.30406829890984e-06,-0.0078246994609689,0.0669860144466152
-2.217290898998137e-05,0.0061798690507617,-0.6522971164728277
1.1621851535581484e-06,-0.0034354303239518,0.1798187805307931
7.296255581490385e-06,-0.0049302759282068,0.2309336904606488
1.044668544514238e-05,-0.0088841151295648,0.1124347521715563
1.423325734839498e-05,-0.0102280177947189,0.1603671801352651
7.005414606853222e-06,-0.0079426424210946,0.6165602583408623
1.128988281534565e-05,-0.0078944969476404,0.7414254439358711
4.701713441690458e-06,-0.0041010989072962,0.0361310121957288
5.020950824663473e-06,-0.0035126277828438,0.9209686315977902
4.0328818625011416e-06,-0.0030183857100364,0.2720506709416578
1.6513269955274946e-06,-0.002876999633343,0.8388092036858126
1.9011980646480976e-06,-0.0026929433040775,0.0845552489578138
8.612594494250558e-07,-0.0013805809471396,0.1531727307819229
3.049907409694322e-06,-0.0030570926412995,0.0120545029546897
4.623434845338423e-06,-0.0037225462607757,0.0491147155865638
3.714460863930955e-06,-0.0031551869728945,-0.32501305836181
4.127222760330618e-06,-0.0033858294975117,0.0033422826110146
6.18469005675415e-06,-0.0035164735603976,-0.4033889922362974
1.8434559120317216e-06,-0.0020799460529019,0.0703545311686951
3.090388046245174e-06,-0.0028217595212978,0.015947660373251
-9.36405040974364e-06,0.0025992094698706,-0.2668799714246039
2.001433693221699e-06,-0.0023345600397211,0.1730560850287754
2.165598805170532e-06,-0.0018539422189025,0.1191544242430652
4.11823584889337e-06,-0.0036523436536739,0.0465641280321215
4.810657369964082e-06,-0.0039570526109714,0.0588439703285646
2.284659585627402e-06,-0.0030793756529157,0.3112898916450162
4.669377542287911e-06,-0.0033326441890273,0.3971200728392577
8.346995522989786e-06,-0.0074062298491262,0.0716251243871701
9.348385673568773e-06,-0.0063200039833573,1.7352211895106715
6.617704944589242e-06,-0.0051089862863045,0.48133779892157
2.977634999440968e-06,-0.005197086870887,1.6055249687241249
3.87891208564195e-06,-0.0050499577465288,0.2144893285383932
1.4035440103477017e-06,-0.0022377930000974,0.2701157543070406
6.304209431484686e-06,-0.0058669351032183,0.0381732096124739
8.53674918732672e-06,-0.0068095016634621,0.0957174949061058
6.64048386067595e-06,-0.0055177592322754,-0.6337294143629586
7.996085493622296e-06,-0.0063544630121743,0.0169286469194541
1.204583839142792e-05,-0.0066609400550734,-0.7022145013184271
3.756163072296639e-06,-0.0037169037086205,0.079992168521098
5.726548082507499e-06,-0.0050618778364996,0.0300736715150509
-1.7569652456916884e-05,0.0048669567253717,-0.4836742674844498
3.97876259172758e-06,-0.0043914353681722,0.3320297008474397
4.385794295703757e-06,-0.0033560562890475,0.2347513645036188
7.629502561612433e-06,-0.0067644041724965,0.095563941028698
8.208515046570497e-06,-0.0070205759359454,0.1059992701765336
4.154010850146915e-06,-0.005535358564298,0.5685020364852117
9.346006947019704e-06,-0.0063634715394769,0.8181168243177601
1.1514651464983316e-05,-0.0091786484570384,0.0813764223907499
1.2093292482195928e-05,-0.0081203114707757,1.7960739772992564
9.97473551456185e-06,-0.0067657262820255,0.5477184020656989
5.600595561228826e-06,-0.006677264984233,1.5566680202405083
6.727682045922598e-06,-0.0067137149600676,0.0986101965396249
3.911429260816668e-06,-0.0030631152488191,0.2478304730293438
6.642069047546606e-06,-0.0061077640699502,0.0034937304365798
1.1192418900018986e-05,-0.0087557091671663,0.1354961648705518
9.5615541093353e-06,-0.0072040941124497,-0.6540925330678163
7.80170369574229e-06,-0.0064920713415124,-0.0199013384890356
1.4836712793959166e-05,-0.0074953879147999,-0.8909587401709937
4.654301152706708e-06,-0.0045116199995531,0.1782949021623954
8.179872838742774e-06,-0.0068759604811921,0.0549297030528629
-1.947479395214557e-05,0.0054208952782425,-0.5732993288546155
1.0346101709801658e-06,-0.0030213941854777,0.15294105063938
6.431637846433315e-06,-0.0043354672044586,0.1948096684966387
9.19866744808484e-06,-0.0078137437859409,0.0953830601381574
1.2515153003373746e-05,-0.0089936210832956,0.14030621481707
6.150429319052969e-06,-0.0069767792845034,0.5375004796763503
9.940441615174931e-06,-0.0069436944398824,0.645418907333176
4.345109582866914e-06,-0.0035888355466349,-0.0420541045695352
2.181586442717709e-06,-0.0031113744150506,1.180796373450179
4.4994626930972e-06,-0.0030682951530711,1.012341032667225
2.441049533472713e-06,-0.0034385566811773,0.9988170723786776
3.700513428905872e-06,-0.0035727064664912,0.0589698613541227
9.88662259171491e-07,-0.0023313212107887,0.0933972403641263
6.037967348992979e-06,-0.0047070543902125,-0.0135543164674154
4.244203180348016e-06,-0.0045313298767846,-0.0558736805007311
5.522829996015048e-06,-0.0051027781685944,-0.0767402596317579
5.083942159974588e-06,-0.0039809410309436,0.0638410692557906
8.159755534586921e-06,-0.0043205200442009,-0.0375768313087234
4.025107661620453e-06,-0.00292292348229,0.4873400156414494
4.541045313999348e-06,-0.0039927394449434,-0.1106603015299465
5.421136743778236e-06,-0.0050055090581999,-0.082560595832682
7.353351762828808e-06,-0.0047895620331179,0.1050580106478724
3.284865950470284e-06,-0.0026671958958621,-0.0555384441844564
4.057511293176219e-06,-0.0039325774317964,-0.1104996666405093
6.669963902639076e-06,-0.0042916848573029,0.2645402093147976
2.6442889459324785e-06,-0.0035425377418634,0.1284233537623553
4.753724095474254e-06,-0.0034596173955434,0.5640636928166882
5.600186421150788e-06,-0.004544307439513,-0.0690839601819535
1.944400354614295e-06,-0.0036550772323824,1.6852504310051402
5.108671023879019e-06,-0.0035649723188875,1.378458441359779
2.5220978614046104e-06,-0.004030146659292,1.326954133214377
4.737100172082196e-06,-0.0044220285946738,0.1434260358336347
1.1145656159117223e-06,-0.0029700671891523,0.1258256629146612
7.035594981386062e-06,-0.0058320732375725,-0.0112548529299951
5.2251020750127e-06,-0.0057416483828645,-0.0579992306272099
6.605832694406288e-06,-0.0063830652154748,-0.0849916596851978
6.330485564653764e-06,-0.0048696419071454,0.0841297341387305
1.0618636988997764e-05,-0.005449754084229,-0.0661164107755868
4.266911554856724e-06,-0.0032769108888829,0.6561178360214631
5.646828510138455e-06,-0.0050308488997241,-0.1280987697112885
6.224474733093655e-06,-0.0061653537847259,-0.0951765037547392
9.20359039646712e-06,-0.0057821158099324,0.0771308214804947
4.165556065860443e-06,-0.0034420539597379,-0.049370033125458
6.7826492226030766e-06,-0.0057038145532,-0.1145040723127517
8.152038327422029e-06,-0.0052456242785388,0.363221150847672
3.107412100855633e-06,-0.0044116566565937,0.254483279499614
6.118823364915765e-06,-0.0044541622059889,0.9137682646456567
9.173991142197302e-06,-0.0068623958328746,-0.0806920417577321
5.890819632203836e-06,-0.006241924586863,1.553674674737764
8.815325666766682e-06,-0.00573610898922,1.4088395105639662
6.226225985228595e-06,-0.0065359209023203,1.3807912884972848
6.684801403078652e-06,-0.0062579504312383,-0.0527530357672872
4.286857489099738e-06,-0.0044828103275444,0.0708907449320304
1.0588489244178769e-05,-0.0083393018805866,-0.0070288103038778
9.043912213563883e-06,-0.0086739767142358,-0.0510233925964526
1.162460476747602e-05,-0.0097117395536681,-0.0856059219911539
1.0247551576969547e-05,-0.0072941227723068,0.0557223558634801
1.5060806272337857e-05,-0.0077973288581572,-0.0605781906876468
8.046317917842494e-06,-0.0053506500175823,0.627809393764462
9.234984584827188e-06,-0.0075485636078478,-0.1643023800541949
8.965660473703174e-06,-0.0085937986481965,-0.1302997677999833
1.411549251428834e-05,-0.0089253956226913,0.1267276043975254
7.383920899939333e-06,-0.0048950034641581,-0.1413254779444097
8.574412657669228e-06,-0.0074006143359082,-0.173234777043731
1.3817108166169769e-05,-0.008056522873485,0.2179421608726529
6.336859641797865e-06,-0.0064198884095518,0.0125495159832876
1.057291637404501e-05,-0.0068308555601899,0.6042929175338548
9.701512059034911e-06,-0.0068870247896717,0.1874349276792496
9.64064949758814e-06,-0.006197325266639,1.436701011859295
6.972542364658566e-06,-0.0053332914005475,1.4788849912772304
2.629631915846293e-06,-0.0043713467421779,1.0071743366704402
4.378652414871453e-06,-0.005337291928406,0.1210215768163677
6.8652523249612685e-06,-0.0043832024279955,-0.1233148455065311
4.869826192965832e-06,-0.0069856068885927,0.0480322542127819
9.23683097298067e-06,-0.0083653037986481,0.0552770885049554
1.0225862063650636e-05,-0.0082832999940857,0.0463807603542692
1.0478489573140236e-05,-0.0072761172421089,0.0580758863669269
6.846240255769842e-06,-0.0035487106506737,-0.7057866176910685
4.618126132505118e-06,-0.0039448829863208,0.5436314309963719
8.251955819882362e-06,-0.0059474461157935,-0.0068394651218359
2.0439815181516607e-06,-0.0047565926409154,0.151178616351712
1.03217547711143e-05,-0.0073143592928388,0.095451232540211
2.936280127152635e-06,-0.0028719987830974,0.1205214010266826
7.972667779521103e-06,-0.0060294558918334,0.0639223241936347
8.613896977704982e-06,-0.0067697225880931,0.0578862096658931
9.323297183003008e-06,-0.006521651690457,0.1230264140496915
6.708291548473966e-06,-0.0048040076207211,1.041018744908756
1.0365860105969076e-05,-0.0073923059792775,0.210930567679683
9.674996772401911e-06,-0.0064881176302071,1.773149425944897
6.855738978295278e-06,-0.0054828486900817,1.683794080457459
2.121447845837565e-06,-0.0042299729223345,1.0982626580741164
4.932584197314682e-06,-0.005675840447884,0.1289204912086201
7.4450961818656995e-06,-0.0047045336816553,-0.1178072752556151
4.34269965632339e-06,-0.0071190229946151,0.0556710575463517
7.860795137926146e-06,-0.0082013879602467,0.0508909937400797
9.827676889139728e-06,-0.0085091486748781,0.0585824555385833
1.1265878212612518e-05,-0.0079397103744169,0.0868494402969163
8.180399352353263e-06,-0.0037949404798953,-0.8155151935741916
4.98197821086066e-06,-0.004106691288634,0.5711698131973548
8.481936777382515e-06,-0.0062271953901944,0.0073036648398902
1.7496097042140285e-06,-0.0047594062660945,0.1165567261839974
1.0670965332804094e-05,-0.0077821693080357,0.1103353197859156
3.97936858276271e-06,-0.0032513661152067,0.0992121773432547
9.230633620460615e-06,-0.0066758758929563,0.0570246639268743
9.222265308966784e-06,-0.0072818862110156,0.0699341720402982
9.435402416824168e-06,-0.006648245914498,0.1496005272328139
7.381594489788844e-06,-0.005172551836012,1.188262381210417
1.4900973908834964e-05,-0.0099905739254835,0.2523681992381045
1.4995837170017625e-05,-0.0091356701771139,1.4081102704851245
1.1538014957679366e-05,-0.0077685452981524,1.5991841606080164
5.862907568206287e-06,-0.00686747560816,1.1015853903355175
5.412264433291014e-06,-0.0070317537958382,0.1595402932344815
1.093395140328024e-05,-0.0064013646745453,-0.1485135003093853
7.565203810955268e-06,-0.0097939836346601,0.0783990630440332
1.2551486058165471e-05,-0.0114100202063227,0.078948749800675
1.4702706276126245e-05,-0.0116254312162795,0.0799274196921999
1.2924051924101398e-05,-0.0092825317052667,0.0627307491431696
9.524322718501566e-06,-0.005003614095965,-0.994705684245074
7.233934752845952e-06,-0.0057603689574867,0.6995786472325214
1.2699275432903612e-05,-0.0090476461384494,0.0256085110194131
4.376463667243868e-06,-0.0072437738579351,0.1699477570218998
1.5188021537499985e-05,-0.0105323580495089,0.1545923701484147
6.781218445439663e-06,-0.0047696628891578,0.1537843898109026
1.3164578340885136e-05,-0.0091941117333882,0.0934317846126169
1.4391287348688184e-05,-0.0102835605697215,0.1125926668373345
1.5107016078216356e-05,-0.0099289439383507,0.0871198321967881
1.1657997851077797e-05,-0.0073876267807759,1.083975862353347
1.6863261723898404e-05,-0.0112269699824063,0.3958109794560559
1.7539046318883366e-05,-0.0108598097025815,1.948951703882503
1.3576952822840842e-05,-0.0093156490084186,2.143581342151815
7.273301122379117e-06,-0.0083314631214963,1.5426639633079375
6.458514014484607e-06,-0.0081425582370924,0.3134541641840673
1.0421766517110242e-05,-0.0065159312720242,-0.0545644288246272
9.190935101655027e-06,-0.0114119329193675,0.1917642105205349
1.521240686319647e-05,-0.0132909245617394,0.1960981491114566
1.772560942714385e-05,-0.0136193546071172,0.1997369846055826
1.4449713722552993e-05,-0.0103079407139115,0.1679841239928104
1.072199165241816e-05,-0.0059938146715043,-0.8873138377292884
8.817649711723163e-06,-0.0070398059342735,1.0322482731919187
1.3844664063401203e-05,-0.0100352354904508,0.1201811343213421
5.57913537579946e-06,-0.0088483373399066,0.4331621469601491
1.7040963459633857e-05,-0.0117645412965349,0.2777922705401051
8.112967961215745e-06,-0.0060846760203168,0.4843318999705203
1.5285103680318102e-05,-0.0107588290248969,0.3217511546393796
1.631842000122888e-05,-0.0118090749803646,0.2506001903317421
1.728572363578275e-05,-0.0113704419797129,0.2709901386415641
1.375004149928305e-05,-0.0090129951752844,1.5784292534285398
1.0857626064009196e-05,-0.0090736283344139,0.0948168690808676
1.317522028542122e-05,-0.008337747304175,1.8783838254426268
7.719400900815964e-06,-0.0062784573933078,2.258160245852292
2.770035675392357e-06,-0.0051378912546065,1.4694084534036065
5.106777175771407e-06,-0.0064663826295546,0.1803044525757003
5.899294636819806e-06,-0.005482055591101,-0.0790146766641868
6.79186282892541e-06,-0.0087738219382347,0.1087736844288839
6.555313438219723e-06,-0.0088092085598937,-0.871806901783437
1.017204998954302e-05,-0.009397411856304,0.0715637616685016
1.0661418339830142e-05,-0.0097582362382682,0.1623631814446542
1.52558695252214e-05,-0.009073642842303,0.0348968836718209
8.640332469827966e-06,-0.0054401830713177,0.3936082896810818
7.902896865252806e-06,-0.0063291017896696,0.277693976088839
4.930109556844181e-06,-0.0074053527559858,0.0935207928676933
1.0444550825510795e-05,-0.007666641170833,0.4109142996021518
5.909967662698357e-06,-0.0045200095884723,0.1769720883513555
9.189059894998408e-06,-0.0071737921744874,0.071532737131613
1.035330137620064e-05,-0.0084272482152825,0.1032315556566862
1.0199538146235812e-05,-0.007553748193408,0.0555110263122555
7.0271743278782495e-06,-0.0055385275040615,0.2968469766054977
9.995623118917694e-06,-0.0078600818516973,0.086193828865137
1.1390748141160144e-05,-0.0076336517599209,1.257295848745368
9.298168026194986e-06,-0.0064804432051512,1.5096393833531403
4.541585553519134e-06,-0.0054723017868043,1.0442791058935634
4.614567609362297e-06,-0.0055741022208841,0.1349330641969358
5.405173700179233e-06,-0.0050784022901726,-0.0253750343456458
6.3524141108439736e-06,-0.0075641987040557,0.0966639078420819
6.560701297009253e-06,-0.0074797521463605,-0.7554867215239176
8.579802761254918e-06,-0.0078268203423781,0.0513586372379698
8.805562132563338e-06,-0.0076969773206958,0.1067671017904146
1.2703453275769704e-05,-0.007455229475942,0.0182604649991954
6.037520427182327e-06,-0.0044650533211265,0.4282880536549084
8.111141677979994e-06,-0.0060219873117153,0.18273123920452
5.163052404388857e-06,-0.0066847295852381,0.0857499127371271
9.967864278093153e-06,-0.0071513824056439,0.3200585223865015
5.607988698524176e-06,-0.0039618037643095,0.1585712424493758
8.30794890819671e-06,-0.0062872065942734,0.0750799324124047
9.428084010498772e-06,-0.007336490799769,0.0965968055251346
9.553323815413016e-06,-0.0067622526673028,0.0602291397008752
8.290962084910462e-06,-0.0058613572126786,0.2916711810389824
9.280592725869906e-06,-0.0067463173829936,0.0750049634923953
1.0233711102389765e-05,-0.0065469188334921,1.214445262629665
8.24612165206684e-06,-0.0056254746003885,1.4336794401321993
4.108064155183833e-06,-0.0047499109802204,0.9981144441463504
3.28962826068313e-06,-0.0044389682802337,0.1192618643987891
4.532615550806072e-06,-0.0042832473792582,0.0780782638552669
5.887679487948105e-06,-0.0064860238608699,0.084982357823806
5.5502932914119896e-06,-0.006015081465198,-0.6869733657284356
7.83845814844586e-06,-0.0066475781946957,0.0342494820328576
6.778125060116655e-06,-0.00594035194312,0.058980336855844
1.0697830240546937e-05,-0.0061962278032521,0.0348659460768806
5.211244817893146e-06,-0.0039294551432578,0.488573998012483
7.582404198755028e-06,-0.0053733059643838,0.245420541770901
4.643403825888015e-06,-0.0055953802732446,0.0711153780821445
8.325925554427436e-06,-0.0060086520778618,0.3785116077411633
4.326915196584125e-06,-0.0032022021389825,0.2202075508664178
7.153053262931586e-06,-0.0053456535468494,0.150658218498354
7.656248053877768e-06,-0.0059610553212392,0.0854535802173573
7.953628424443712e-06,-0.0056241252463684,0.1091473893930573
7.033455126406832e-06,-0.004990775796797,0.3318063271056989
1.036832404554016e-05,-0.007152070798279,-0.1218617525791032
1.0495001685447763e-05,-0.0072267314411749,0.5881958666665552
6.86202661631251e-06,-0.0056476558935304,0.9722852257694516
6.634056047301027e-06,-0.005569439815262,0.5850875001859153
7.975315137074092e-06,-0.0065664654558496,-1.0023821891359572
9.069274781323249e-06,-0.0068214732607563,-0.2208578004744663
8.71416549363957e-06,-0.0078927510087507,-0.0305821659441669
1.0408290600192236e-05,-0.008726990943674,-0.1314039579083297
1.0707110288721289e-05,-0.0088844486018668,-0.1248724387311399
7.443362708081658e-06,-0.0067120389440762,-0.1257981283237979
1.015312068208818e-05,-0.0051981507531684,-1.0340651423904244
8.989571211315273e-06,-0.0066269213485381,-0.0820689841233481
9.076313710137106e-06,-0.0065748850477135,0.1037890587960914
5.387005857615534e-06,-0.0074535465341019,-0.1463119482488482
1.189695373349231e-05,-0.0088934298035256,-0.0516741285934101
7.927526743611857e-06,-0.004291262302186,0.1737417809455727
1.191837241076854e-05,-0.0083467896045568,-0.0598931558043236
1.2095627403674314e-05,-0.0082274692297257,-0.0865388662957342
3.964822826718617e-06,-0.0050103787271553,-0.0203894199987926
9.066271981716945e-06,-0.0063532243591719,0.4662060949991079
1.4733033920533098e-05,-0.0100684802196269,-0.1491237102179341
1.68813865375468e-05,-0.0110353905142413,1.0415286860907804
1.137224200575826e-05,-0.008815744752344,1.6189271009992496
1.0245197994804851e-05,-0.00830025243717,0.9806615268954731
1.0620029772609438e-05,-0.0088706704931795,-1.554738965475129
1.1934332415738905e-05,-0.0091228668593216,-0.3929465923989977
9.32758505700626e-06,-0.0095655771248657,-0.1547325862126414
1.6813432853202137e-05,-0.0130546273808498,-0.2170744871431782
1.710215534311832e-05,-0.0130883543709359,-0.217846332808332
6.8032713468335615e-06,-0.0079855127599142,-0.227473171668348
1.5063663962089358e-05,-0.0077536410278729,-1.4135890470898165
1.2606496919254084e-05,-0.0092645040321495,-0.1317494850988068
1.376458439839424e-05,-0.0097848608387871,0.2881445316359129
8.627849650943986e-06,-0.0109836912703955,-0.2569196187987599
1.928826250432271e-05,-0.0131591853949474,-0.1156332441846839
7.539506631348836e-06,-0.0050758859228734,0.4280218825824774
1.86613076822457e-05,-0.0122368818070157,-0.1113443846865539
1.570105696913071e-05,-0.0108014330799117,-0.2135291400684922
4.790380840224984e-06,-0.0069306050700823,0.0764964106022705
1.384587850328245e-05,-0.0094577501480284,0.8742137601246422
7.643716396610323e-06,-0.0061103053244282,0.0928927491201563
6.800747943743485e-06,-0.0047990761690253,0.191842115422768
6.119607064360365e-06,-0.0045755317875177,0.9675687332465784
2.478118237356053e-06,-0.0040291486318627,0.9060683939775512
5.574645606687412e-06,-0.0056013247254531,0.1040834690732022
9.267662167911084e-06,-0.0067308982434612,0.0586650065685729
4.595077340185938e-06,-0.0059391122391088,0.1159991848640032
3.954424123597811e-06,-0.0057745363033585,0.0301721011270056
5.939413004973915e-06,-0.0062070327507934,0.0448844457827333
1.0905038894029398e-05,-0.0070265729536302,0.1158076010403579
1.062963721065735e-05,-0.0065617389637551,0.0443127242573146
8.442991754953333e-06,-0.0052095125042193,0.2633606067778737
7.449767990497236e-06,-0.0059069553127504,0.3048675414145676
2.570574469729081e-06,-0.0054313888991279,0.0858491162908398
8.36492525179755e-06,-0.0064600553156027,0.1205349535777743
6.2883376199574265e-06,-0.0038587633932993,0.3656889106402095
7.573415297890129e-06,-0.0052065358015183,0.0887661853461602
8.077731202704719e-06,-0.0057402754949864,0.0660254943540293
2.0030429846995546e-06,-0.003322213875285,0.3781414631426203
6.26008402870859e-06,-0.0046671592030718,0.5903579770788354
8.378950613978565e-06,-0.0059325918613315,0.0796197493651478
5.650023606083041e-06,-0.0041610897766162,0.2708434719314375
5.887631775114421e-06,-0.0043454485723288,1.1538139774507523
2.3565647515743203e-06,-0.0039327666777347,1.1357801457480117
5.320369633797985e-06,-0.0054606098749934,0.1203176556773309
9.936612625272012e-06,-0.0066899258729733,0.0505708946417123
5.502327818041053e-06,-0.0061446295649234,0.120516156174988
4.6592496018016405e-06,-0.0058677517169669,0.0287513983972059
6.85665224464671e-06,-0.0064051225056735,0.0478828316101366
1.133511790274433e-05,-0.006951237851648,0.1082901816597827
9.83854795666428e-06,-0.0061010871844435,0.020335558512823
7.78734164309434e-06,-0.0048520739263662,0.3852105596767697
8.18108410893803e-06,-0.0063477586603393,0.6296391835918324
3.79517047055522e-06,-0.0057963298239618,0.1246936035610795
9.06892959471145e-06,-0.0065447564101208,0.2182594414380982
5.885898143080797e-06,-0.0037058653109735,0.4858829629613532
6.625797519865806e-06,-0.0046645157425699,0.0853159651247651
7.23439523702537e-06,-0.005189423633734,0.045327349636182
1.147183440020072e-06,-0.0028514012633282,0.5251601449368908
5.176986146993023e-06,-0.0040730033345166,0.7363553024618567
8.54845143016304e-06,-0.0062407050185733,0.0912793088369796
7.547939365304401e-06,-0.0052824392160919,0.2637817156642704
7.949811621427353e-06,-0.005281587869975,0.9814893398835032
3.472420486756602e-06,-0.0044457143392609,0.8454112993000723
5.100696387483339e-06,-0.005405449520053,0.0901740492252425
9.682722079573658e-06,-0.0065543278774427,0.0377852116500115
6.619069082614004e-06,-0.0064984607595452,0.1296115380471179
6.018988387146429e-06,-0.0062670932631305,0.036167027234548
7.330400071059451e-06,-0.0065592204860009,0.0447009841726879
8.92081796233235e-06,-0.0057938509366437,0.0607445349800651
9.384152070412988e-06,-0.0058600627353415,0.006200396695485
8.128297022541437e-06,-0.0052176370151727,0.3281320610798582
8.539814776858023e-06,-0.0061353285281709,0.2066485263612427
4.661919754123112e-06,-0.006059355091889,0.0932753977253234
8.470980750930105e-06,-0.0064778774096557,0.1760873766825277
6.867588601688901e-06,-0.0041196241351284,0.4967498110481113
7.607399339137899e-06,-0.0051780841350685,0.1562240870381832
7.763216550856995e-06,-0.0054234256107103,0.066729991903568
2.8267688931182584e-06,-0.0037160087710045,0.3950681744085381
5.984064497366326e-06,-0.0044407469807912,0.5177783243097561
4.959527023395971e-06,-0.0046681073079595,0.599748751480845
6.658601537812281e-06,-0.0054397895032587,-0.1145279554856433
5.448421168119388e-06,-0.005852659427862,1.6760057376098692
-9.448894067176641e-08,-0.0031550751828524,0.7893597805151776
2.050027690159162e-06,-0.0040205610679635,-0.9131246669523956
5.955629304277288e-06,-0.0045258829573782,-0.0763637504408245
2.1212916627710854e-06,-0.0044931052218892,-0.2094935160166873
7.356097452948518e-06,-0.0059634220993078,-0.2078561891336818
7.5856136918117215e-06,-0.0062564012701978,-0.1942511430250338
7.348556087305447e-06,-0.0057116610654626,-0.0266966686070366
8.66875837317353e-06,-0.0033933532119848,-0.1231951722955266
3.7643207080328978e-06,-0.0032932224835222,0.2498936990551238
2.060419957776155e-06,-0.0035270543388628,0.235995727302387
8.161136318962647e-07,-0.0045606572205281,-0.0165631300017914
6.449282778431383e-06,-0.0057800119907488,-0.0203626312741129
5.266329669863873e-06,-0.0032893658692926,0.0815575226943631
8.97192313938311e-06,-0.0056672386012112,0.0043185983931416
6.763904686346578e-06,-0.0058027698390372,-0.0164213850431804
3.5352304954550107e-06,-0.0047919521623793,0.0721245015317175
4.654997952879825e-06,-0.0045858835340031,-0.0451003441709616
6.647380673173502e-06,-0.0051186147979626,0.3407537686056328
6.685139009509772e-06,-0.0049787103634675,-0.156789182821508
7.434731558286778e-06,-0.0057089824662852,0.9404842270015176
2.350596399584042e-06,-0.0037846534915259,0.4562013835995473
2.044373600936814e-06,-0.0035812526766408,-0.894906361103603
6.056738419246699e-06,-0.0043851684221154,-0.0632747816404839
2.444035262616495e-06,-0.0042850460405634,-0.1914468793809811
8.009856579005437e-06,-0.0058077467072243,-0.1828799011182198
7.710892799384084e-06,-0.0058599440985018,-0.1807677450399318
6.227182792342616e-06,-0.0048182442955856,-0.0413711961322857
8.059099118717938e-06,-0.0034441632733948,-0.0932328200308716
5.438533711569512e-06,-0.0038936113415566,0.2260853177224758
4.105131617193614e-06,-0.0039191411215682,0.0649993044136832
1.300604455578558e-06,-0.0046416045408896,-0.0131093034554055
6.524105068406172e-06,-0.0056492398247238,0.000122724149758
7.567391832719039e-06,-0.0039715552049865,0.1599412725534246
8.455272878182818e-06,-0.0053674426583469,0.0213531699883107
6.372980403730468e-06,-0.0054009260601026,-0.0106992941955411
3.741311076388879e-06,-0.0045785302640533,0.0452293994672766
4.30632876402548e-06,-0.0041337786730053,-0.036082768706211
5.177452670701577e-06,-0.0039654648912847,0.0394669107142405
4.809336927006682e-06,-0.0036918227396562,0.3555758991692107
4.770739142428478e-06,-0.0037989600400366,0.7901603875137909
1.916124041323464e-06,-0.0033839512963362,0.3974461060710056
4.891662146122577e-06,-0.004755894824981,0.0055910199163811
6.458678670885875e-06,-0.0053572398778493,-0.0314592459576267
5.569327174104188e-06,-0.0052978639023564,0.0446253074594004
3.733447912157573e-06,-0.0046793280162971,-0.013076388070849
5.833968861668204e-06,-0.005618961436564,-0.0157638525635777
6.932057436181971e-06,-0.0051129675887644,-0.0006850073403525
6.567544984938787e-06,-0.0034525752188168,-0.643577461646897
2.590469714403021e-06,-0.0026064870102526,0.1690992565244361
5.486259271103577e-06,-0.0049752882003606,-0.018184571922494
5.687994305447752e-06,-0.005284463845004,0.0115462748499746
6.500674697207387e-06,-0.0051114262112568,-0.0009216618488541
5.158998574339435e-06,-0.0032234139196636,0.0370711858447098
6.570825738516639e-06,-0.0051747012357123,0.0292333101257393
5.623325204950352e-06,-0.004107635542946,0.0988939260528917
2.4568488884435524e-06,-0.0034622707329896,-0.0329456348722476
1.5691930580414086e-06,-0.0020110344811412,0.1461327613303317
4.880683269536945e-06,-0.0037955002047989,0.0844033254240418
4.634467329202514e-06,-0.0035738550107354,0.4987799581461952
4.436232052249097e-06,-0.00364845836309,1.0279790782083629
1.4102088922163247e-06,-0.0031963569690953,0.5464417916996253
4.56171173413894e-06,-0.0047959847298142,0.0149955754521934
7.155143640156202e-06,-0.0057053581278085,-0.0395316830142284
6.269417540227806e-06,-0.00521938732128,0.0224523229341062
2.5005933578237105e-06,-0.0039766649985646,-0.0509926304566334
7.040059534335619e-06,-0.006108700711763,-0.0177186954660533
5.37168893455231e-06,-0.0044532366198761,-0.0023274983751619
6.683822872277645e-06,-0.0036193444051235,-0.6159723449018237
2.970777016719772e-06,-0.0028835963983875,0.309704336612024
6.099682936855366e-06,-0.0050160958279537,-0.0321077458792309
6.582185768100324e-06,-0.0055313484713346,0.0005217671966062
5.748788722392817e-06,-0.0046786634833801,-0.020754900599095
4.642725345368793e-06,-0.0031870123322606,0.1977255629538903
6.83354452878825e-06,-0.0052059379696103,0.0316774445355276
4.859484044383855e-06,-0.0038521403979348,0.1863382830076677
1.3021118999700931e-06,-0.002967672424208,-0.0382065655787153
1.6961738918963576e-06,-0.0021529557502795,0.2649093136549012
7.806618313122016e-06,-0.0053418721884519,0.0885879841777396
7.393701730640245e-06,-0.0051594839919966,0.451714684691089
7.37208705903214e-06,-0.005183136142224,0.9646036723010558
3.615410261051944e-06,-0.0048096819479311,0.5092339874838553
6.395731563135776e-06,-0.0061316284449071,0.0099960624593211
9.922073089141392e-06,-0.0068876540921429,-0.0656648240534854
8.586088793068088e-06,-0.0070584058406958,0.0518271326339685
6.058695896982158e-06,-0.0063128020090328,-0.0213202190791077
9.653340779069984e-06,-0.0076726161031366,-0.0241619425672758
6.757157249798681e-06,-0.0055566575429714,-0.0212625115464178
7.66662691809028e-06,-0.0042053750244364,-0.7502144109544964
4.480988991417689e-06,-0.0040045281014884,0.3641150909887206
8.284010208454791e-06,-0.006654364974931,-0.0271784212396701
8.555136846499778e-06,-0.0069786614189839,0.0050297873475487
8.382748828138041e-06,-0.0065747981086792,0.0508083292129299
7.353861923520277e-06,-0.0046720457289215,0.1726803538796485
9.092019973788725e-06,-0.0066821674820958,0.0325416111214339
7.958247954529346e-06,-0.0055689293164801,0.168191556339945
3.1133410561823283e-06,-0.0042621594012168,-0.0297934278930351
4.483722945036739e-06,-0.0037720054416063,0.3319206295044549
1.1114935815847993e-05,-0.0106067253341801,0.1530039134025281
1.3667659565008703e-05,-0.009795695620991,1.4399799012846186
1.067236102447744e-05,-0.0081683390465672,2.036678815588085
3.419792950475714e-06,-0.0064750544519578,1.4514597336116213
7.392571152120553e-06,-0.0079263590649432,0.3233169470644516
1.0023824497995548e-05,-0.0086150287814268,-0.0449799702312101
6.327500897906901e-06,-0.0095350695187454,0.0586235105077995
4.707883755172837e-06,-0.0095917339369973,-1.0611158316134817
1.0677027341698953e-05,-0.0110006125573283,0.0530239409978541
9.57418717444351e-06,-0.0107437614418434,0.1278160805439759
1.6368747393635807e-05,-0.0109185539480543,0.0254202827239907
1.3503561047416956e-05,-0.007788314250079,0.2480688792200253
8.766374543167643e-06,-0.0074861829321739,0.1229067424692558
4.787141750439178e-06,-0.0084916731808372,0.0598695533736193
1.1648232303373972e-05,-0.00941147362186,0.1827389625505823
9.547913645602256e-06,-0.0064924824998058,0.0539899551796088
1.1812074607431278e-05,-0.0092739427042043,0.0672046006405314
1.2550433265201557e-05,-0.0102804903682489,0.0934205051414415
1.286871885164409e-05,-0.0101408857908782,0.0842329638900505
1.0313192193951886e-05,-0.0076880093790734,0.1231833941104139
1.177962994203252e-05,-0.0103922867551808,0.1641115563895631
1.4708971481813826e-05,-0.0097688488364968,1.802427047499328
1.019766148897587e-05,-0.007644922845788,2.48126871764484
2.855692518233255e-06,-0.0059438086106762,1.7722260975098751
6.367796219053359e-06,-0.0073691914751939,0.3933538574879184
6.839934071023457e-06,-0.0066371184424092,-0.1087815458346117
7.286016175611643e-06,-0.0096465456105274,0.0602432316786729
7.106877880969087e-06,-0.0101282405213243,-1.0605388497235264
1.1976063877150445e-05,-0.0109704350213351,0.0376455400391557
1.1577256304522491e-05,-0.0111238612293655,0.1322950033070815
1.633007747681159e-05,-0.0105560441368002,-0.0007870210323774
1.178767225138218e-05,-0.0069571607740575,0.3528119252361441
9.087994475631689e-06,-0.0073181777674917,0.2925816868743044
5.176855869537533e-06,-0.0082220168026592,0.0866150990688163
1.1129667996767624e-05,-0.0089256428504991,0.3534347974470206
7.646196199576865e-06,-0.005703144853359,0.2078899390600625
1.0062963395532784e-05,-0.0080885063020725,0.0537282992405953
1.1525838197968152e-05,-0.0095068530386769,0.0615350918888737
1.1635296375378523e-05,-0.0090166449186315,0.0276659189743205
8.271325436126631e-06,-0.0066995607551483,0.2318773219896921
1.255861027238403e-05,-0.0104078601519013,0.1728957772972285
1.4890718203007726e-05,-0.0102819014986225,1.4010196212704278
1.3269243590130486e-05,-0.008926335608286,1.9038466496312985
5.637385719280138e-06,-0.0072274567148424,1.4345458562514444
7.178701159404888e-06,-0.0075507078941523,0.3254162201702515
7.117328904914977e-06,-0.006974900345764,-0.0629842211692151
8.053691335829782e-06,-0.0096725034353648,0.0732371859804611
8.318018154596096e-06,-0.0099808970747625,-1.056463085155738
1.1766918444955364e-05,-0.0105187138535942,0.0224705799425909
1.1265811129756996e-05,-0.0102535549135287,0.0948275315952351
1.5857351705617084e-05,-0.0100237554215902,-0.0167587774646804
9.62766318579611e-06,-0.0064165728090377,0.4493561222433063
1.0409426534296884e-05,-0.0079235675669961,0.2490543129526493
6.415237541190777e-06,-0.0086177815800982,0.0788883588283748
1.2297825693785567e-05,-0.0095254204114403,0.3202368185193233
8.391291505205345e-06,-0.0058205364374956,0.2055089366446901
1.0583373657335748e-05,-0.0081371261495934,0.0676444966701758
1.21417508378574e-05,-0.0095690493635536,0.0760018444751918
1.2503263392527051e-05,-0.0092158112681408,0.0412814397057793
1.0848954312470129e-05,-0.0079349374369017,0.2796302483098644
1.1281069123514342e-05,-0.0106203208131787,0.1553673504353279
1.380104740612812e-05,-0.0097937429706425,1.4595713513665431
1.0706861921394584e-05,-0.0081394740339943,2.063228454791832
3.461304305103794e-06,-0.0064533176945375,1.473068674420848
7.408631856886672e-06,-0.0078982818371098,0.328123275920723
1.0074627747935772e-05,-0.0085697911464954,-0.0472454318762667
6.501069009345883e-06,-0.0095750467864923,0.0599181431097595
4.936474856442885e-06,-0.0096594557817182,-1.0594856815464633
1.0862250218644468e-05,-0.0110189799612252,0.0529256974809295
9.791544462345314e-06,-0.0107837534078956,0.1285320193078786
1.657555757073048e-05,-0.0109454429818587,0.0256247727358199
1.3515104856920424e-05,-0.0077349257217169,0.2547653322429579
8.771622523773281e-06,-0.0074471207266855,0.1293820567189694
4.817127715717184e-06,-0.0084769130757826,0.0605568340602161
1.170872448985616e-05,-0.00939654958539,0.1901199548905801
9.467728071088644e-06,-0.0064167086770872,0.0603049877750221
1.1793385428782166e-05,-0.0092116518066951,0.0655434205572156
1.2634289183352164e-05,-0.0102741464182211,0.0924503708324541
1.2955503896515814e-05,-0.0101202258357126,0.0820327526094011
1.012435959735214e-05,-0.0075788281847906,0.1270914402474885
1.1484085353896669e-05,-0.0103849325188662,0.1589470496626552
1.4368329203984231e-05,-0.0097661945350346,1.748893985367488
1.006583509255421e-05,-0.0077015360811341,2.4087195220581847
2.8093352754110512e-06,-0.0060174240654147,1.7172559280921358
6.33902086943916e-06,-0.0074443759472289,0.3805224837264366
7.085991764244071e-06,-0.0068663554276773,-0.1044867369750262
6.969934379430498e-06,-0.0096032141865436,0.0588086489437871
6.713282498460593e-06,-0.010056734274447,-1.059740616236164
1.18492574581186e-05,-0.0110135587070565,0.0418336957302358
1.1045930257136403e-05,-0.0110209162896515,0.1302306473942412
1.6161681273274553e-05,-0.0106330155486853,0.0050067383479853
1.1862184581379331e-05,-0.0071162166776106,0.3347255345273632
9.054145665321478e-06,-0.0074097537160433,0.2758191871529486
5.118121477742932e-06,-0.0082788047408459,0.0852790146680295
1.1207060719006255e-05,-0.0090456755460475,0.3365042156274299
7.681205541842928e-06,-0.0058215377135943,0.1865406333750527
1.0262381991796377e-05,-0.0082868874702881,0.0545643426110684
1.154272015246871e-05,-0.0096144712159682,0.06606655432243
1.1647887408372526e-05,-0.0091460881953246,0.034735253260171
8.384848466832517e-06,-0.0068104791452908,0.2087144824020936
1.1093825715180472e-05,-0.0106069047736399,0.1529491598984733
1.36706429698652e-05,-0.0098021504372258,1.437744247275309
1.0637580296513072e-05,-0.0081600213129193,2.0321988601350505
3.44671905794236e-06,-0.0064910824355577,1.449406631602443
7.366412420828361e-06,-0.0079206302433194,0.3221537411298351
1.0008367304784832e-05,-0.0086167131125106,-0.0448472795833054
6.317444099512848e-06,-0.0095355300212269,0.0588580381765677
4.691505585672826e-06,-0.0095851285474644,-1.0612308049332089
1.0661885706864103e-05,-0.0110025383659571,0.0531771372363024
9.53045900863971e-06,-0.0107319050906851,0.1274537950462793
1.63525036975809e-05,-0.0109190883008476,0.0255139417993723
1.3505743288955152e-05,-0.0077952534247875,0.2470648458444398
8.757259918668048e-06,-0.0074861218701491,0.1218247215352477
4.790334051651968e-06,-0.0084983184345912,0.0599706743908429
1.165596383159345e-05,-0.0094188701064694,0.1818780071238908
9.567482415206996e-06,-0.0065043723581532,0.0533581371539053
1.181002819083954e-05,-0.0092787637925069,0.0671349545019301
1.254562930552705e-05,-0.0102847607900953,0.0936638635520444
1.2832348811135248e-05,-0.0101355483606351,0.0840692876968982
1.0334222619645672e-05,-0.0076998988049221,0.1227449459595703
1.1685601453814698e-05,-0.0103817816689006,0.1628097868704926
1.4636488945285464e-05,-0.0097733941809985,1.789201474725081
1.015615512868379e-05,-0.007655101377202,2.4623027111093387
2.849336815167696e-06,-0.0059639125291217,1.7583643197288086
6.350383039310792e-06,-0.0073845673343768,0.3898486480375112
6.891553305909959e-06,-0.0066900510822025,-0.1079150971886768
7.202137285777788e-06,-0.0096346373016391,0.0596699553196308
7.011103933196594e-06,-0.0101123135192524,-1.059964402209116
1.1968615320823162e-05,-0.0109894339150651,0.0390066566006183
1.1461287346114782e-05,-0.0111017884948245,0.1320314649155103
1.629261071178778e-05,-0.0105759136354337,0.0004441154370774
1.1783906037843296e-05,-0.0069877902785417,0.3478395572382626
9.100056530951067e-06,-0.0073468474748624,0.2885114799161105
5.180274360361281e-06,-0.0082454226924963,0.0869713275665722
1.1137901640006845e-05,-0.0089504553584172,0.348544538606007
7.658550359335159e-06,-0.0057347046782809,0.2026926529309165
1.0101670110503916e-05,-0.0081329302419765,0.0538411185976435
1.1521574853179397e-05,-0.0095302945873105,0.0623404207634851
1.1656842816121228e-05,-0.0090549706101394,0.0295726686674469
8.293215829780394e-06,-0.0067243694485086,0.2260991948890181
7.12198833009872e-06,-0.006653780005638,0.2808965195272316
9.102231779925692e-06,-0.0054435870631262,0.1769236937723593
9.903372716940724e-06,-0.0062826390299373,1.2892836344173204
2.6692227258484635e-06,-0.004831221467038,1.9016112626972383
5.6379821185004175e-06,-0.0061766036695154,0.4075320016648547
7.009213081832222e-06,-0.0050935542818459,-0.8243359274622555
8.508770382672801e-06,-0.0061463202292672,0.3634000638301147
3.9939380664932855e-06,-0.0053478695171937,0.559598185841117
7.696865802264696e-06,-0.0070594805366224,0.0865661630743279
7.59497813514872e-06,-0.0055652411918818,0.2968495823761451
6.3877092483233255e-06,-0.0031644038353095,0.0227690777629899
4.357230552850181e-06,-0.0039912085637476,0.6235877482830163
8.884196920355691e-06,-0.0067293697571915,0.5816638520101554
4.422157778294356e-06,-0.0063193936060392,0.315771027922228
8.674878063108515e-06,-0.0066493796814779,0.4513897574639183
4.8991558097844666e-06,-0.0042726981682773,0.9533871829932348
4.979152232466242e-06,-0.0050494288144205,0.6631076392280209
8.458391907217866e-06,-0.0055683791705805,0.3863133462504586
3.516768052880259e-06,-0.0044346492343729,0.3868352186576218
6.010185703494223e-06,-0.0044486025124497,0.4216942263710845
8.65854442244629e-06,-0.0064437275349757,0.2735794021091379
5.93417892577979e-06,-0.0039493736369875,0.1918425722618679
1.0582288285432284e-05,-0.0060460030745113,1.4890887195102995
3.719283778291782e-06,-0.0048419327323423,2.23226572080978
6.894721929051606e-06,-0.0062536732317055,0.4817567797952464
6.313304240640286e-06,-0.0046469808046107,-0.7171752467866035
9.10128685538414e-06,-0.0060303717863103,0.4102963476987977
5.0720049663642965e-06,-0.0052545268777358,0.6290072949336346
9.593831986176582e-06,-0.0072911487139204,0.0993044067153511
7.708947353801676e-06,-0.0053254412782584,0.4052967711740515
6.078628462580227e-06,-0.0028596045674091,0.1083516924900713
4.535106271741363e-06,-0.0038988839895675,0.8428398262425882
9.169466369418622e-06,-0.0064821418097265,0.6654156906742581
5.297836633944009e-06,-0.006041181444883,0.3154926699328061
1.0105404180057936e-05,-0.0066336258553331,0.5433619506698583
4.994474517440143e-06,-0.0039973893338872,1.156692057918329
4.530633545662965e-06,-0.0045627105140682,0.7615038067853191
7.509271287113478e-06,-0.0050653964128337,0.4290653219450681
4.413630736893991e-06,-0.0043326120795437,0.4970497445724828
6.402210573352996e-06,-0.0042490995314525,0.5687955714848361
8.297904216636454e-06,-0.0100571035390046,0.415721227827415
1.7896225655511522e-05,-0.0107984995156578,0.3700039677908262
1.6398464737142793e-05,-0.0104240503169411,1.6996995540405984
4.40070159384762e-06,-0.0075576817122723,2.3480300847452398
7.982626858415998e-06,-0.0096135340331127,0.5058366751489842
1.3738403956003668e-05,-0.0090163930298479,-1.3217222754236564
1.3300052943976404e-05,-0.0098168411719661,0.3776897185417416
6.252816100449365e-06,-0.0084478953029327,0.6272503691062774
7.54775057265622e-06,-0.0099471612866761,0.0901545857374819
1.090724128797182e-05,-0.0088967298762919,0.3473493446894186
1.2927291653697104e-05,-0.0058566263843686,-0.0532046228250768
8.01176016984595e-06,-0.0066234499614843,0.7486999395841463
1.141820938743269e-05,-0.0099686198210049,0.6382076610073404
3.0484940982677955e-06,-0.0090647504300258,0.4104289244402702
1.3953336415671e-05,-0.0108115408709833,0.4953727586891486
1.121507402688962e-05,-0.0075102988570611,1.1951705263591703
6.952596472856958e-06,-0.0074551909033457,0.7996688273657813
1.5489378819344424e-05,-0.009768093383883,0.5582706075248025
6.8098739489652615e-06,-0.0074224748244695,0.4316056043771343
1.320760026757295e-05,-0.0080476114941228,0.4550545784347679
1.3096366603495646e-05,-0.0115596452511559,-0.3092413727286609
1.3063345216113298e-05,-0.0111882398084131,1.0086176019466542
1.6207430194981518e-05,-0.0116960145716648,0.5695048118873609
7.0399961963341084e-06,-0.0096768500594974,1.520744300618687
1.2127487591051532e-05,-0.0111065910992345,-2.0060727397007825
1.5799298743623957e-05,-0.0112167879479965,-1.004277302539451
1.4125809054577054e-05,-0.0118403845268388,-0.9699510488533434
1.7583992538927617e-05,-0.0142865031249166,-0.8585721547943876
1.649560104634366e-05,-0.0124697570781081,-0.283741853508641
2.613526700353363e-06,-0.0066598355542026,-0.9640657614165838
1.3988679365195544e-05,-0.008458789895313,-1.4100351101760848
8.185395319326716e-06,-0.0078944207854085,-0.2172626562636528
1.1800438864395524e-05,-0.0109076640319649,0.8651567523670038
6.702142892460078e-06,-0.0089657227725358,-1.020489831901011
1.8917788482619716e-05,-0.0137835028352932,-0.2342093355785164
6.587267004753983e-06,-0.006037935280317,-0.206663615136212
1.0265886214201337e-05,-0.0096388570974799,-0.3094406735977535
9.672719396447428e-06,-0.0087397166554872,-0.2413498787383039
5.576146617669586e-06,-0.0072447675064872,-0.1181979343619108
1.2932159154801552e-05,-0.0093371851692761,0.0128969375794197
9.64596158270492e-06,-0.0091487257864362,-0.2649886605910512
9.140888405534398e-06,-0.0086022307895965,1.1632450820462323
1.273285706906508e-05,-0.0097355351091008,0.4833032798746853
5.481504237514479e-06,-0.0081446518314765,1.5741577341274615
9.805984902522267e-06,-0.0094039572409752,-1.6452666014320312
1.3396581269927922e-05,-0.0096403316111637,-0.8169089499979595
1.1911557906546236e-05,-0.0102710439562609,-0.7830051574489841
1.4611711239731484e-05,-0.0121274609577637,-0.697584648940442
1.3513957840438628e-05,-0.0103964699623346,-0.2340926197531265
2.185718720960931e-06,-0.0058847233232901,-0.7280608270598946
1.1427829947851403e-05,-0.0071324262530829,-1.1700855854626218
6.957648856831256e-06,-0.0069420024110407,-0.2309855615311864
8.767668752795924e-06,-0.0087557726589683,1.0091795756373223
5.918361215106319e-06,-0.0080442673577551,-0.821535527256225
1.5464240612867517e-05,-0.011708605651068,-0.1793810187549578
6.41849865046229e-06,-0.0055071874663892,-0.253700563184561
7.521925759257364e-06,-0.007699978009573,-0.2687091634404042
7.546799901121713e-06,-0.0073153562144827,-0.2110341555241425
3.542449056981312e-06,-0.0057429342878592,-0.0929746758445524
1.017167204997449e-05,-0.0076385574641748,0.0159710452982231
1.5339308137574115e-05,-0.0135321864415256,-0.3616060585140057
1.533692941922028e-05,-0.0131112953453785,1.1774362864482122
1.8963870210386705e-05,-0.0136832884637301,0.6626961538044377
8.231907883793355e-06,-0.011317296832443,1.773005454576058
1.417333846187585e-05,-0.01298379587972,-2.345352787606538
1.8463164471183013e-05,-0.0131091544450303,-1.174231642186479
1.653559092640311e-05,-0.0138567831230853,-1.1327461823528164
2.0552392184829973e-05,-0.0167052530826821,-1.0034769821339506
1.9301473692445725e-05,-0.014583656119371,-0.3346414895831504
3.068473720002629e-06,-0.0077922190300268,-1.128254313715639
1.636409425637666e-05,-0.0098989546770174,-1.6487711019723628
9.596340997469905e-06,-0.009252613848272,-0.2541805084895612
1.3763388249318124e-05,-0.0127345517579786,1.0076222867095617
7.81665849480806e-06,-0.0104750621994491,-1.1950294232562748
2.2128094377182883e-05,-0.0161296277804141,-0.2729034394073371
7.754745886559953e-06,-0.0070865407727701,-0.2421762796687392
1.20379397056114e-05,-0.0112903564170177,-0.3615796871330237
1.1331511322964173e-05,-0.0102295432844967,-0.2816901806711906
6.530786272841083e-06,-0.0084789408093259,-0.1394767477447207
1.5156651735237505e-05,-0.0109393486880637,0.0140879475477417
8.614209688118102e-06,-0.008172650952912,-0.2371222090493954
8.171985347693182e-06,-0.007689065188801,1.0394415318630756
1.13979922636782e-05,-0.0087071752212972,0.4320379894995681
4.89027877426107e-06,-0.0072724879997054,1.4054578665826871
8.758669949413496e-06,-0.0084038072787074,-1.470415823144497
1.1982512540264248e-05,-0.0086231570508924,-0.729518852305471
1.0651019570318e-05,-0.0091814802512573,-0.6998954086058005
1.3061083976695365e-05,-0.0108383199522537,-0.6237804747716698
1.2089663724346169e-05,-0.0092977557463611,-0.2086314265777626
1.95647683232103e-06,-0.0052607416552969,-0.6507628204980553
1.0212673082432566e-05,-0.0063731407814815,-1.045885808245762
6.242571157111243e-06,-0.006213319302661,-0.2061617604416825
7.825601626376688e-06,-0.0078199381288464,0.900952060963898
5.303052980520917e-06,-0.0071958181396771,-0.7337522712355451
1.3849587371468825e-05,-0.0104772651886385,-0.159565071190225
5.739547700223113e-06,-0.0049225457240855,-0.2266617167824149
6.708906346797328e-06,-0.006876355735405,-0.2405299121864388
6.744259408759265e-06,-0.0065360924391054,-0.1888476971023055
3.1754322251664746e-06,-0.0051393272095405,-0.0827856278287748
9.072474464466572e-06,-0.0068193724524363,0.013339904159484
3.0270344721916587e-06,-0.0033682354388901,0.2967339457886774
4.152384634043418e-06,-0.0032994464039588,-0.0654238523502826
6.823826681157108e-06,-0.0044101751782688,0.9109404008568696
1.5222197158326622e-06,-0.0028399004971308,1.58946761865249
-6.440879329883131e-07,-0.001757299970567,-0.3622366791147127
4.527369511064805e-06,-0.0033929291891905,0.110644823131659
3.728447990347661e-06,-0.0042913908929163,0.0749553475767794
5.282240546744532e-06,-0.0043557057494312,0.2409390651358604
7.964488818798193e-06,-0.0051173769003966,-0.0547902404113286
4.874396966281225e-06,-0.0035097811672917,0.0057419219772001
3.956257541792851e-06,-0.0018872709071824,-0.144397585901657
1.6975152907772184e-06,-0.002155468935137,0.5419059096101274
3.5918975100912576e-06,-0.0033182424281679,0.1634492121737571
5.533808593916056e-06,-0.0044376233780318,-0.124039480669414
7.075583615345771e-06,-0.0043830484340794,0.2520121227964825
2.412215320163405e-06,-0.002107632015661,0.7879627938434515
6.012686006146776e-06,-0.0039692333715126,0.644587334143156
6.129869248638897e-06,-0.0045853643138722,0.3008265795622089
3.2766874198397744e-06,-0.0033595826699583,0.200038193540231
4.17767295113336e-06,-0.0032193771077009,0.3358105099611983
6.239533764995642e-06,-0.0070354014521893,0.2391952170169787
1.1388344911765436e-05,-0.0080648125871187,-0.1703333384871629
1.1156857407601528e-05,-0.0082572348514113,1.1623774130642512
3.0708056676376216e-06,-0.0057950050998119,1.8680958084325816
3.62473794046636e-06,-0.0056434494462156,-0.782809455274831
9.004363106024371e-06,-0.0071696343249589,0.0916431797705468
2.976318651204401e-06,-0.0071403284897746,0.0772494529855665
7.088314893503802e-06,-0.0077540109743674,0.2581939549468418
1.1371359178391494e-05,-0.0091696006019734,-0.0866480276625945
1.1392748406335862e-05,-0.0080787545105573,0.099761424996477
1.3856575091120147e-05,-0.0061289231290617,-0.2702196852173506
6.7227417340776086e-06,-0.0050083599139232,0.4661186831725662
7.567806190711401e-06,-0.0072398092736187,0.2290347082248133
7.441988134293531e-06,-0.0080512636079983,-0.1662794302915922
1.1652068281734895e-05,-0.008419912957921,0.2443108821678815
7.41693193873072e-06,-0.0049112110155971,0.8419749968807642
9.700392472464937e-06,-0.0071418584764516,0.6793034168388149
1.1823195329552227e-05,-0.0086572867211403,0.3652238630243338
5.128042147473089e-06,-0.0062852376357016,0.1055357588533261
8.265746987534683e-06,-0.0061347756126113,0.2761474770623324
4.3565459095784576e-06,-0.0055749400458506,0.1638763349504273
9.258396676981027e-06,-0.0068030352031129,-0.1285679614328085
8.72637099661676e-06,-0.006767453377591,1.001836121675305
1.859303577878002e-06,-0.0046317195714888,1.7352220246312782
2.1688777955830574e-06,-0.0043899583119042,-0.566514383806896
6.72516877087137e-06,-0.005637647034731,0.0931460766047309
1.5948125331455287e-06,-0.0055979042152034,0.0674381284738286
4.8983167572069775e-06,-0.0060908403352395,0.2284753590017978
8.369806808850022e-06,-0.0073733938270879,-0.0635502443652153
8.930486349645328e-06,-0.0065595229729622,0.0792832161022853
1.1841897167963468e-05,-0.005387323436254,-0.2077921970551712
6.073911434922863e-06,-0.0043792918622305,0.3774511487301777
5.167593920076727e-06,-0.0054496907477394,0.1641721417380716
5.157212888891209e-06,-0.0063308865760893,-0.1415713485017463
9.050523875786531e-06,-0.0068059560570037,0.1764244370994983
5.901550363121685e-06,-0.0041129924842707,0.7088330296348301
7.652760096473895e-06,-0.0058000366197571,0.5895865287214751
9.167064131232472e-06,-0.0069365720209473,0.2860850177734442
3.289309599807666e-06,-0.0049219176834094,0.0730522960378444
5.291890306615011e-06,-0.0046157217452511,0.1873585707793061
7.217981886698583e-06,-0.00742878506442,-0.145362363538969
8.444278243767554e-06,-0.0068427416173575,0.4473172070189232
1.0155794346600189e-05,-0.0073872546638904,0.7902844015152133
4.280863243444344e-06,-0.0062428694276583,0.5706142162705471
-2.431473075326096e-06,-0.0018826426651505,-1.448853490542473
1.303007201844802e-05,-0.0085236371050536,-1.232459595135431
2.768982255041408e-06,-0.0050517254258566,-0.6128538862470319
9.360370590184274e-06,-0.0072194774622888,-0.6009082370880631
6.802467030553316e-06,-0.0056845430738157,-0.2164712772664097
6.3615666019308e-06,-0.0059348493974839,-0.2198661153419483
4.027395771322162e-06,-0.0031289453989304,-0.5030785937334463
6.779453683287978e-06,-0.005288802862379,-0.0864399261268688
5.447279339709787e-06,-0.0051630948262522,0.0492641331490165
6.40447637533607e-06,-0.0079560393157973,-0.1047510808203006
1.03477785736588e-05,-0.0084875567713327,-0.5419314442116496
8.201447508682236e-06,-0.0057721915265909,0.1628845339086331
1.0545098470204906e-05,-0.0075701883114014,0.312040508459115
9.052148368549062e-06,-0.0065965013509772,0.0852760942809827
3.084224871274799e-06,-0.0043061407619413,0.0595353421709666
4.883387426435348e-06,-0.0054199661722467,0.236993481186204
6.949005725398472e-06,-0.0071969655878316,-0.120535707020642
7.952872620009543e-06,-0.0062358822648445,0.5745789435421313
9.640368974772606e-06,-0.0070103888685368,0.9016740208647768
3.71821032523484e-06,-0.0057791495196547,0.6351559481683686
-2.859548540199192e-06,-0.0014802379588917,-1.3446083243495242
1.1957659575512205e-05,-0.0078497615632473,-1.1560842505689055
2.6095194453068515e-06,-0.0048762738430123,-0.506671272200786
8.251447666363099e-06,-0.0066773150414545,-0.5570581531255174
7.821319471437494e-06,-0.0059091046382847,-0.1896688289830426
6.269389236090994e-06,-0.0056813137688631,-0.2055927317380683
3.839255322761992e-06,-0.0028302687609988,-0.5019407129018094
6.558252864127496e-06,-0.0050431801637852,-0.0693196227582832
4.992903431468025e-06,-0.0047543826104494,0.0956955593906453
5.877896983849419e-06,-0.007487703454161,-0.0858641942723485
9.475944455439311e-06,-0.008019450150289,-0.499070218601916
7.604722213411966e-06,-0.0054399475836094,0.196014361402874
1.0549739496545918e-05,-0.007304661474061,0.3403900518121574
8.078816177147725e-06,-0.0060404592839401,0.093304962805349
2.2313831151702496e-06,-0.0038044461042977,0.0973182943652229
3.563641696625001e-06,-0.0046721002384085,0.234539526722476
5.013958618000497e-06,-0.0058855569099624,0.2184628330353412
7.954728111103648e-06,-0.0056734188975395,0.1218390379572361
6.99702300244544e-06,-0.0067759582757925,0.6328663322664437
3.443619659315722e-06,-0.0057251716398387,2.574261121200794
4.4211976353292215e-06,-0.0059966540610965,0.6235617729007159
7.096802158546191e-06,-0.0061088816385098,-1.1797655391195745
6.037563424611972e-06,-0.0068203605950577,-0.2524683415998003
6.723594322182124e-06,-0.0065782015810997,0.1386130536009474
9.550598914276344e-06,-0.0067702215122777,0.0931224141752853
1.1368983808157653e-05,-0.0072117281324355,0.0107834036679054
1.2815692229994902e-05,-0.0061849093494397,-0.0530063848757751
6.633020256940903e-06,-0.0044000434445212,0.3910804080486961
9.931163119092368e-06,-0.0075817294221693,0.2012600943161473
5.309573609890705e-06,-0.0064614043686708,-0.0117480554149211
8.84814356272301e-06,-0.0073428807335318,-0.2344746529530088
1.2155752706637114e-05,-0.0073294345499801,0.0086620539803064
1.1939525763619036e-05,-0.007134492482407,0.1626188412605517
8.515080820226117e-06,-0.006914460917327,-0.1569570674436988
1.617131034858943e-06,-0.006512497392082,-0.0130953705155605
1.3708639840404048e-05,-0.0083848170803613,0.4268252795169994
5.856629566170176e-06,-0.0063662864691376,0.4112230401136181
8.228935964773984e-06,-0.0059946745928214,0.3046557126012082
8.928477803964124e-06,-0.0078221948589865,0.8969527255710441
4.1909744650237e-06,-0.0063967421617219,3.220079214615837
6.222758551555074e-06,-0.0070560715507985,0.7807730126857397
7.165463640487032e-06,-0.0063934646087888,-1.377792594153078
7.94694319575405e-06,-0.007876956851659,-0.2946171431712679
8.579582370224416e-06,-0.0075516335849809,0.2368564738072656
1.0917764816875676e-05,-0.0074811637060112,0.2501262758889891
1.2286672780303933e-05,-0.0077772118211933,0.0297152274873025
1.3471532933073682e-05,-0.0063585184266574,-0.0659184601116464
6.65799938881495e-06,-0.0046328657024694,0.7095485582938269
1.2276747380135513e-05,-0.008898947390922,0.308007334873421
7.004112070663204e-06,-0.0074829046598758,0.0224962793174628
1.154188780772003e-05,-0.0084305652151601,-0.2665158048205305
1.4124089891653924e-05,-0.0080592517270725,0.0508474817116078
1.43751033219177e-05,-0.0082328367182869,0.2816314691016867
1.0581798510468436e-05,-0.0082285432639993,-0.1352593940623115
4.042382706459513e-06,-0.0080841539050529,-0.0025819878277575
1.7132155993970777e-05,-0.0098067197728917,0.6311717180627245
5.686011547211048e-06,-0.0063634495545915,0.1355985885903291
8.966880410846678e-06,-0.0063382172225603,0.085840489290603
7.822955286562738e-06,-0.0072029656239809,0.5682405414441821
3.470788491721777e-06,-0.0059466663616885,2.0674896477528555
4.4480111942579725e-06,-0.006102275104471,0.4512982456478488
5.8825954084573695e-06,-0.005639210291374,-1.1827842388482326
4.80933937974104e-06,-0.0066577910656242,-0.2488409727831182
6.914156530979376e-06,-0.0069208399495259,0.114987040866905
9.25449113919896e-06,-0.0069444151237483,0.0570434536654634
1.14786076366169e-05,-0.0075159939481859,0.01292464337526
1.3938012976111304e-05,-0.0066291367492414,-0.029299553813278
9.169221202064893e-06,-0.0054521366442905,0.3281051298011496
1.0531775907263174e-05,-0.0078940680127379,0.1725610182461002
4.862692343565733e-06,-0.0066033671833551,-0.0016751928186926
8.264596485412572e-06,-0.0073356308353175,-0.2330381318843552
1.2497539514010464e-05,-0.0074934276494335,0.0072053222326841
1.1621457998833672e-05,-0.0072971466768503,0.1364886564377065
8.129855788526943e-06,-0.006923794420269,-0.1739429500329466
1.2755677142317623e-06,-0.0064556087070641,-0.0161888021431393
1.32473019178736e-05,-0.0083263870727077,0.3480865516738959
1.0876683056659786e-05,-0.0098527668207242,0.7664881497363657
1.211534559641958e-05,-0.0084677406057442,0.1967310262026302
1.2019700466802423e-05,-0.0098512317438526,0.6632047349610046
7.329307033684293e-06,-0.0088891829185135,1.81387362730647
1.1413833635232074e-05,-0.0066994996673144,-1.1126655603125166
8.962348553853694e-06,-0.0107618253439123,-0.1532361686433956
9.159706910060804e-07,-0.0074444956854075,0.3790941650837036
9.852589947234591e-06,-0.0099771786601805,0.7814679466763529
1.3152247843026305e-05,-0.011049938181437,0.028461696748056
4.609991000381619e-06,-0.0073391055258089,-0.2974176766529284
1.5145366152933838e-05,-0.0093814803061457,0.2182186385194322
1.4479038518571592e-05,-0.0089710095642239,1.0510399818622198
1.1840329634860147e-05,-0.0099722771781243,0.4968486868437406
1.1016325510038172e-05,-0.0095829358682026,0.71669110662568
1.169905710829422e-05,-0.0109260706299625,0.5089707077070191
1.7172793227104854e-05,-0.0107841784727966,0.1460341459226981
1.7469959472141838e-05,-0.0098730850930155,0.1754557083788436
1.721955253874974e-05,-0.0105867488812319,0.1878318588317394
6.73178486221282e-06,-0.009636306878314,0.1066404865270258
1.8947704413907477e-05,-0.0112640671361896,0.3319172653372088
1.5675123479291236e-05,-0.0132958445244964,1.3635077240948457
1.6455661053571546e-05,-0.0112618739619936,0.5574841474556398
1.8348795497336035e-05,-0.0138974597648575,1.17851913425885
1.1408928887624016e-05,-0.0124219694356533,3.067507300748071
1.6248766254833846e-05,-0.0089602270739386,-1.4345230711529124
1.250842129818519e-05,-0.0144421692377292,-0.2528308482974286
1.5249497029579118e-06,-0.0102357980343512,0.6105453350144641
1.5159741412246169e-05,-0.0140477031585384,1.4340681953290768
1.9558347497117268e-05,-0.0151167743021178,0.1391001599436763
7.691828216471741e-06,-0.0101308341678652,-0.4538696549511836
2.228591227548815e-05,-0.013003226827182,0.361173699293089
2.122320680492886e-05,-0.012782609493009,2.0646678002622987
1.82449684541508e-05,-0.0144099136689572,0.8925252606888171
1.6434614561466887e-05,-0.0134668840007607,1.3775149042728332
1.8323047088758163e-05,-0.0157734719141141,0.8936823046958814
2.5274813745132573e-05,-0.0147953632613791,0.1788947038900163
2.5849272581313087e-05,-0.0135222279360835,0.3014150887054527
2.5009146760068823e-05,-0.0150221342771097,0.3146280426068123
1.030943836921594e-05,-0.0134131541957436,0.1231486603161163
2.679855669440924e-05,-0.0153356663344951,0.5546879522625604
1.5053273843435022e-05,-0.0142715001392652,0.9465442404044716
2.020184634325935e-05,-0.0136026775913224,0.226235124646171
1.5869866667905796e-05,-0.0140654528475856,0.8425024168324912
1.05982313802766e-05,-0.0132021362900693,2.1233744789538984
1.757285651923646e-05,-0.0104740505734685,-1.7165509433763273
1.3261403032260866e-05,-0.0155662751896068,-0.2089448300666119
7.921626522522374e-07,-0.0106536862591084,0.4318916078108809
1.4359311144553994e-05,-0.0146378582464709,0.877387316628438
1.8055745835465764e-05,-0.0158354990955646,-0.0308693421462353
1.0654277972088622e-06,-0.008739921918202,-0.4652174000941609
2.0267998217082805e-05,-0.0133645461053835,0.3343103296968353
2.345809402359844e-05,-0.0138041514717706,1.2231918617026918
1.5651308604480718e-05,-0.0139836612614627,0.5723822547706241
1.2863411803953896e-05,-0.0131103594784531,0.7717419306552666
1.5065021845783733e-05,-0.0152996323885925,0.6075049689836913
2.433760349174197e-05,-0.0154587712193763,0.2218912223957545
2.221018551140652e-05,-0.0141646426592816,0.2376349241217333
2.591939110910196e-05,-0.0160432371980086,0.3093210215810183
1.0681002653445404e-05,-0.0141853204930639,0.1935978852324015
2.813806631674076e-05,-0.0167310057796321,0.4104606138194123
9.156321701288148e-06,-0.0071268862118824,0.6566631612727023
1.174559227301586e-05,-0.0078085670061247,0.8797342242012122
9.4146105809264e-06,-0.0065053462228443,0.4120168741154283
3.3877113242430923e-06,-0.0054399601111463,0.3647067796659377
2.0626233550036237e-06,-0.004294562896127,-1.6652653684551453
8.588675111775856e-06,-0.0061661988470615,-0.5498069448660936
3.4154775072625654e-06,-0.0044607210437876,-0.5537021723779842
9.097142329883567e-06,-0.0077720865153945,0.7240275562643338
4.238659678579282e-06,-0.0054669278061794,-0.0790039836772289
1.2034606920896527e-05,-0.0074205266265594,0.1995577389537824
8.753006781048178e-06,-0.0044763008823773,0.4117105848080319
3.914305487628944e-06,-0.0047094178928346,-0.2718140612472024
1.2355443840150748e-05,-0.008250342033373,-0.5012246717036342
5.953834107767039e-06,-0.0069848159146056,-0.1655083117715321
1.2529571379871207e-05,-0.0083905990444499,-0.1748979998411433
1.6563980970341477e-05,-0.0086731427891167,-0.2019385878862551
1.4780493843126603e-05,-0.0074634980355999,0.4071565771396441
8.031799291097208e-06,-0.0063769440303695,0.3326914829161501
3.580846389407094e-06,-0.0061126797948991,-0.5064314597819658
1.2965617273408e-05,-0.0099592212885846,-0.1342181122254104
6.475673012262817e-06,-0.0071218950098774,0.2904911538034759
1.045508017183394e-05,-0.0082802765941363,0.2986163349230488
6.926643071188767e-06,-0.0067053355983514,0.0797406481899653
2.2673461919087146e-06,-0.0057575135090606,0.1303569088933169
7.92867884383188e-06,-0.0075590926790865,-1.4707448016166078
9.880721670740831e-06,-0.0090278769831002,-0.3863321364694414
9.451542239243728e-06,-0.0076216835220222,-0.4480273045767406
4.9967867816747e-06,-0.0069174013580037,0.2123484384042056
3.891826877988613e-06,-0.0057735548656305,-0.3491427465269445
1.0791263499449132e-05,-0.0077373386923798,-0.1065774562052759
1.288936455567935e-05,-0.0065840859864905,0.0271216241316024
6.734369083272185e-06,-0.0060435078950933,-0.3977787483820298
6.971482575224286e-06,-0.007179404352879,-0.4624114022947851
2.9101387627461506e-06,-0.0074820392503736,-0.1637771211187062
7.793513331244561e-06,-0.008475459885227,-0.1326818397322307
1.666811860563959e-05,-0.0099514356630411,-0.0903055827910422
1.463063229911743e-05,-0.0086688982649973,0.2133805105925722
7.04107884086369e-06,-0.0065342979790863,0.0935683593500881
3.059061446375466e-07,-0.0051669097031834,-0.4942905705218188
5.9788513240288665e-06,-0.0083672313661982,-0.1311235006902882
5.158333103438828e-06,-0.0064307834820394,0.318252131766865
8.918248574407706e-06,-0.0077740046756875,0.4671906995754147
5.328410387150956e-06,-0.005861929495252,0.0848549753465321
7.532868347981392e-07,-0.0050371617844029,0.1228327039657065
7.15007295479028e-06,-0.0070137864050316,-1.3420013388188357
8.953991356427405e-06,-0.0082360774667716,-0.3571940882135666
8.377654663438427e-06,-0.0069623821054884,-0.4125069830617021
3.8163943152393785e-06,-0.0062556019387765,0.24368524332307
2.7336677904665763e-06,-0.005156757065226,-0.3371881810127597
9.104421839238131e-06,-0.0070391348562845,-0.0801665171783578
1.0767801257040196e-05,-0.0057096858499195,0.0487362453580004
4.860607897785118e-06,-0.0053832652982591,-0.357106102230364
6.106162772688298e-06,-0.0065297233912616,-0.4258652915318242
1.9837417699619664e-06,-0.0067783123794111,-0.1542592345340183
5.5042506122982005e-06,-0.0075496597194475,-0.1271033904270109
1.4564405218964184e-05,-0.0092234876677432,-0.0752935634658868
1.3598484491672558e-05,-0.0080774029405068,0.2244936072726345
5.287538010656512e-06,-0.0057985956056254,0.1321333858160547
-3.2029669982946984e-07,-0.0046587429893036,-0.4481663427490776
4.7901886384149606e-06,-0.0075292046252206,-0.1256658302394377
4.286574411982436e-06,-0.0062054960038631,0.3533641085400371
8.004219083201924e-06,-0.0064439072881226,-0.1063425519341987
1.0192714669564208e-05,-0.0081934784003886,0.872329890438211
7.119468293015352e-06,-0.0059062200202859,1.5023819952039466
8.199271798039867e-06,-0.0078923437474641,0.274543815279791
1.3421283812653506e-05,-0.009340634331528,0.0819499469303356
6.062333460787883e-06,-0.0079584889171335,0.0095045116846366
9.801799787489962e-06,-0.0084353759361679,0.2435150779595482
1.356103835910836e-05,-0.008421474013147,-0.1783057662560899
1.4249055114085223e-05,-0.0086440740967446,0.3482876051226302
1.2046442095181575e-05,-0.0077515146786315,1.076054139105766
1.2290173286474192e-05,-0.0092415840716169,0.3674349841091986
1.2986396291103652e-05,-0.0092003067782484,0.1852932933936935
1.2286892427382234e-05,-0.0089815526400036,-0.8092906763292966
1.0238030149545274e-05,-0.0092184085965578,-0.1553158458499142
1.2932877157534328e-05,-0.0092389722347534,0.0540879829808862
1.1819248462163756e-05,-0.0083317677418472,0.4327959119296577
5.351819757137832e-06,-0.0072136971603398,0.4400600241670079
9.19010911748508e-06,-0.0069605711360822,0.2718128617926503
4.735172031145041e-06,-0.0059198228664034,0.4702525149593906
8.551197727690862e-06,-0.0061834624181871,-0.0153624153650187
1.16191879095785e-05,-0.0082939422192121,1.1488059452800572
7.523204672121864e-06,-0.0055921059661123,1.8657262939047912
8.610610763626347e-06,-0.0074672304512473,0.3553342795721118
1.2594617708305831e-05,-0.008228371222211,0.0442861889409701
5.384030792088268e-06,-0.0070932587888303,-0.0275820744383417
4.261111593462097e-06,-0.0073036892233884,0.7657687032496676
1.057097535317464e-05,-0.0084452810332738,0.4452517615230008
1.321512631074946e-05,-0.0079685717803698,-0.1532606222421028
1.460124759744552e-05,-0.0082946784159658,0.4591595754820522
1.3354362432813033e-05,-0.0079774491107103,1.5087311811360526
1.3564527696340767e-05,-0.0094271629380521,0.4782649095421076
1.3962183112715872e-05,-0.0090069782740176,0.2097771100500382
1.2512329305658376e-05,-0.0087836932390432,-0.8270510609805626
1.138178473391465e-05,-0.0095537784838646,-0.1593069860592295
1.3221482573469462e-05,-0.0087278836037957,0.0190818441731511
1.1760751560840887e-05,-0.0080115354313796,0.5239101671966817
6.014559884359727e-06,-0.0072872281112734,0.5970694570129103
9.109504047755124e-06,-0.0067863943158286,0.4278960304461516
6.792493601470717e-06,-0.0076899633765614,0.3845688345049098
1.1109442893508792e-05,-0.0081558512802988,-0.0905024935611118
1.1621470402012337e-05,-0.0095777736248028,0.8773518274242504
1.06295252998434e-05,-0.0077069782998226,1.4731375978818106
9.572696528681313e-06,-0.0091947017680324,0.2413852000551093
1.4981618261300513e-05,-0.0108057507596013,0.1013621356012836
7.458308842966943e-06,-0.0096177273355733,0.0389505063931311
4.363311936117819e-06,-0.0086682207979055,0.5051319247787609
1.1347544352278233e-05,-0.0098252980497623,0.1942033201305454
1.5006699740721063e-05,-0.0093292199533183,-0.2320658717434831
1.626580169570358e-05,-0.0098708439688899,0.3421184430780481
1.5126183861458031e-05,-0.0089840077120728,0.9808245053619656
1.3979458992396944e-05,-0.0105759356104007,0.3554960694789344
1.4344499326801596e-05,-0.0104691962690544,0.2027354683511301
1.2845418076714974e-05,-0.0100201622574139,-0.9233128430419236
1.2204963911077726e-05,-0.0105906476623498,-0.1696433153453083
1.4280672603117496e-05,-0.0107727500152063,0.0801979495784435
1.43217767692494e-05,-0.0099204287972671,0.4536794055995928
6.186915219252853e-06,-0.008293569260628,0.4420834058842723
1.3212536320834111e-05,-0.0088262037712241,0.266524711987569
4.507218249998777e-06,-0.0047293719251856,0.2262870479728399
8.114805514214396e-06,-0.0067278697233907,-0.1733296611861678
7.3670966176015315e-06,-0.006744477606743,0.7457052818661409
6.470515573521943e-06,-0.0049184508339199,1.0078941690003842
5.948197356704635e-06,-0.0058803415384908,0.0921474231478676
9.999471888177958e-06,-0.0060268801721439,-0.0806891863904279
3.444172541056112e-06,-0.006440810038397,-0.7681872144929485
4.280059859277208e-06,-0.0061007167967671,0.903234618849152
7.012111670927252e-06,-0.0067592587366484,0.0919556991968026
1.0601740866258931e-05,-0.007257681990387,-0.2013557318662984
1.0854791632763929e-05,-0.0066677121266534,0.1795095302456775
6.575663047507917e-06,-0.0057149106308169,0.2546135449068734
5.620979421916417e-06,-0.0068219798202864,-0.0121281037864706
9.609824909717624e-06,-0.0074590989374105,0.165760714911137
6.5614881528119895e-06,-0.0060529621941789,-0.0230365334204627
9.842034690405186e-06,-0.0072587106010752,-0.0284432760141901
1.200636209996997e-05,-0.0064191371795567,0.072821447059631
9.511890741165097e-06,-0.0066404866508669,0.5891907152264821
4.477434641381173e-06,-0.0055414166453031,0.2351834072096387
5.047484875952506e-06,-0.0043726092529795,0.0825833115918904
9.347457555593454e-06,-0.0063752577835367,0.4218324717262067
8.132625718082487e-06,-0.0069634260546578,-0.1458872666517263
7.4946322259350495e-06,-0.0068592569123517,1.02237714506044
9.418074007522126e-06,-0.0061384532221741,1.2975603253135108
6.380198289607308e-06,-0.0067946451472709,0.1966490457659504
6.164442084677368e-06,-0.0049780613661949,-0.1011547168266739
-1.767931633978037e-06,-0.003983991516695,-0.8317683668260503
1.9597164081508467e-06,-0.0052921128139267,1.1229785741772245
5.016981524108566e-06,-0.0064394960699658,0.1282326413924213
-1.3232149087549774e-07,-0.0036684774225972,-0.275030400144576
9.27834035324704e-06,-0.0061308942862872,0.2729613454330201
7.194197665372215e-06,-0.0064237586348254,0.5569894722112418
3.0995122317634127e-06,-0.0064322515789536,-0.0097605640676787
8.197666499953904e-06,-0.0072853901973528,0.2282009817955169
8.27080275524907e-06,-0.0070873630589045,0.1066655218083665
1.0109606317421084e-05,-0.0077817472278349,-0.0006841162172721
1.1314548502103389e-05,-0.0064008872977652,0.2989811962664843
7.569525903305951e-06,-0.0065990498199204,0.697309325568169
5.091024048775594e-06,-0.0057160092499735,0.3650104534330496
1.1446117078373064e-05,-0.0069322708561021,0.2943359607711646
7.993751196724929e-06,-0.0067128661472218,0.2109050329863387
8.930415378860523e-06,-0.0078127915910306,-0.2136928061174303
8.651490837285891e-06,-0.0079819333751953,0.7244668387918678
8.867888932395651e-06,-0.0064073762991263,1.0183147781465949
7.396532028636216e-06,-0.0073438400629319,0.0893146580493448
1.1204472485897797e-05,-0.0071199641109053,-0.0872343921193999
3.958540349069395e-06,-0.0073636305823157,-0.903781521930217
4.963075974570645e-06,-0.0071716924886033,0.7855306772835989
5.617426724789212e-06,-0.0073791529259379,0.0696352902523394
1.1465871786464632e-05,-0.0082007750249661,-0.2404995907710339
1.242667956702359e-05,-0.0078918355852428,0.1865723046154761
9.180330893365785e-06,-0.0071366273734545,0.2157759270772049
6.264339964423549e-06,-0.0078743595361667,-0.0218820965339345
1.0240792853832836e-05,-0.0084708032820146,0.1242410055371149
8.115456838431179e-06,-0.0075712123002493,-0.0289439779105717
1.2488943568422783e-05,-0.0086545365695676,-0.0248195579772365
1.3435320567412036e-05,-0.0076080975690575,0.0119720227265652
1.1245760406826876e-05,-0.0080615175482775,0.6046811588856312
4.994075960662592e-06,-0.0065383290990073,0.236274172959865
8.38204614225682e-06,-0.0061243072266394,0.1057350277116307
5.962148875049422e-06,-0.0046894449867473,0.4212931995313946
4.510254546952197e-06,-0.0044583232181678,0.3950999801556428
1.073505830426997e-05,-0.0064480971787495,0.4304453618548304
4.525648958697559e-06,-0.0036550250451976,0.68138712170701
7.098978072050953e-10,-0.0026600589516005,-0.1434894582893902
5.630018021545435e-06,-0.0045986563834035,-0.069330287704333
3.3330207780648555e-06,-0.0047006519420529,-0.7030939909633933
4.149240965367618e-06,-0.0049774787822887,1.3689770186190522
6.153380091480357e-06,-0.0053572548016515,0.0581347061458151
6.212526907356519e-06,-0.0056095417299011,-0.1779918265587212
1.050506934840989e-05,-0.0059858572560693,0.533701329492591
4.387574789488369e-06,-0.0037463965593291,-0.0363258246780924
7.2484469890721215e-06,-0.0062549802649329,0.0033821389243836
1.0264053440297742e-05,-0.0062863975688696,-0.651368695789312
8.032413068015387e-06,-0.0059255835307641,-0.01869575259629
5.651883974611138e-06,-0.003527249527887,-0.1111453769048969
1.0425591174256787e-05,-0.0064629026625899,-0.0003399645485944
1.0776252705209788e-05,-0.0063843499076305,0.1575263656044261
4.812465536518928e-06,-0.005894044812672,0.0273708912609101
1.0453965134971567e-05,-0.0058136312607893,0.0647190208238208
7.3017285524557e-06,-0.0058478302981788,0.2724430436955352
5.332915952394046e-06,-0.0051913050423879,0.1054234172304136
9.94045418767353e-06,-0.0069505721349196,0.3285501413614647
6.36451790784433e-06,-0.0052098717166052,0.6562396286385661
3.888081921849497e-06,-0.0051278732127809,-0.1226314485513153
6.368986380955732e-06,-0.005652199353024,-0.0483777950731501
3.763408261470147e-06,-0.0055632623296588,-0.7615803382356701
3.785311831538962e-06,-0.0057560348317002,0.9627379218070532
6.383381549790457e-06,-0.0067007647766745,0.023075937704062
5.561665747642192e-06,-0.0061053765542456,-0.1956179900900433
1.04700439267115e-05,-0.0067614005699811,0.4111510306204511
7.720841898673271e-06,-0.0053711749297208,-0.0649601605102078
6.072115637103557e-06,-0.0065043518817389,-0.0061968491244226
1.0102937862980566e-05,-0.0071587730800872,-0.6988965531367388
7.540887145274233e-06,-0.0068824514261749,0.0094346497442565
6.898013859335528e-06,-0.0048645246028407,-0.0793314414498191
8.964063963445845e-06,-0.0069336748128077,0.0033573550650196
1.146734764612134e-05,-0.0073604854614579,0.1776459446007856
5.101752698077888e-06,-0.0065510424502905,0.03344795030225
1.1805095661228287e-05,-0.0069714721871685,0.0566265745142642
8.949718600548273e-06,-0.0083641382007537,0.7576593833115234
9.11375837882732e-06,-0.0081089758388887,0.7872878983752499
1.575556850448544e-05,-0.0106037338291201,0.7913040244793125
1.0505555382178676e-05,-0.0075921856918863,1.287152090652982
3.156112114321985e-06,-0.0060815202791961,-0.047075588843505
1.3131898445761792e-05,-0.0099889652381828,-0.0014921174152835
6.944505507755494e-06,-0.0088476303080509,-1.2524578439922407
9.010112055451993e-06,-0.0096386318413752,2.31356608502712
1.1746737987983202e-05,-0.0096798836023175,0.3991656973383745
1.633817596846665e-05,-0.0121455247965944,-0.1928270133431777
1.6102533815454123e-05,-0.0103903898310533,0.8730008572378112
1.0944279249636146e-05,-0.0075462900213123,0.1685883138891002
1.376824711807334e-05,-0.011824685163789,0.0786721114429104
2.037206538439423e-05,-0.0124406836143714,-1.1236631518805884
1.5423876909892442e-05,-0.0108019355786703,-8.755113987324314e-05
1.0166174243260788e-05,-0.0067292537660411,-0.1144367059999823
1.800923430750334e-05,-0.0119608845269467,0.0591713427666286
1.8273956763681376e-05,-0.0112949525136589,0.282010324265889
5.453210957462318e-06,-0.0095936037319215,0.083178612596334
2.290646480929137e-05,-0.0121264768801867,0.1823653648286415
7.742658765019783e-06,-0.0073759229258514,0.3562757816279362
7.283928972312559e-06,-0.0066389236810269,0.1731525810263745
1.1134751604263724e-05,-0.0085584546980228,0.4220945805185253
9.763011760366425e-06,-0.0074164411745807,0.8776202861001503
8.624649017185959e-06,-0.00799188944354,-0.0097057640955782
1.1727453409715594e-05,-0.0090573680383241,0.0448319891508786
5.893706156667733e-06,-0.0076137832919567,-0.961509959668593
5.386080751401678e-06,-0.0077863561898421,1.1601953829513352
8.610309625178836e-06,-0.0085596962009095,0.1854491583055384
1.1590226454472052e-05,-0.0098007403432267,-0.1420638890528001
1.173804811775345e-05,-0.0087362220608929,0.5008808063440421
1.1464345850087376e-05,-0.007378530648828,0.0554694445416323
9.44182401057358e-06,-0.0092628918668538,0.0634735122681156
1.3950869049650372e-05,-0.0099371729643,-0.8671748031089783
1.0628004014893892e-05,-0.0089885752796815,0.0375148544562871
1.049498448724151e-05,-0.0071234383263585,-0.030649693531076
1.0807148256508729e-05,-0.009133522502127,0.0456114945706933
1.4264635377014834e-05,-0.0095883140539321,0.2417121725793096
3.6609466694270407e-06,-0.0076525405248026,0.0698894965461108
1.7231866235034587e-05,-0.0098904947478071,0.1204000214441866
3.121234081526758e-06,-0.0050148577602131,1.086331187176435
5.010790591453151e-06,-0.0056227690131533,0.6803233999531337
1.38648693954746e-05,-0.0101802039672576,0.5926445879548394
3.941508708305008e-06,-0.0049730450211118,1.3197592130281544
9.48213782758022e-06,-0.00949852813955,-0.1126650890161276
6.366293816451041e-06,-0.0062271598019805,-0.385363190609842
3.1585545685059748e-06,-0.0068400980883957,-0.341741843936939
4.523071571949089e-06,-0.0081567855960289,2.0103324553835336
1.2408005302333436e-05,-0.0098816408877662,0.2324484260432329
1.1138159480950094e-05,-0.0078200089403905,-1.1550855112049505
1.4301888181265306e-05,-0.0083055520617793,0.9138480398393602
1.321805162113332e-05,-0.0085195953728187,0.2238896388401972
1.0366218570009372e-05,-0.0093167304530685,0.0490349202070023
1.3874068890640244e-05,-0.009572951124575,-0.2445174389424627
1.368297599391166e-05,-0.0098190755863667,0.1712071956764794
3.2915350423046164e-06,-0.0036496737621614,0.2711635513774559
1.3306612119734496e-05,-0.0065858232856856,0.577054800625789
1.020703412866304e-05,-0.006879277099558,0.0831644768930554
7.077328682991713e-06,-0.0070334211420044,0.0002145819477695
4.649722367994977e-06,-0.0047936573925813,0.4964030255753075
4.717036949153375e-06,-0.0059797181734331,0.5477802919283337
6.718762897485395e-06,-0.0067240794272925,0.2758582031487769
9.43687517140912e-06,-0.0090138306705971,0.2853475830301539
6.33661043258904e-06,-0.0062198333561949,0.8581688994888172
7.664736464074728e-06,-0.0086749514937307,-0.1218791464606647
4.561106795475389e-06,-0.0058620392129677,-0.3355277978238242
1.968450381695241e-06,-0.0065555700315227,-0.2915306785807183
2.023404460638707e-06,-0.0072344925831017,1.1080621818159304
9.613006370707038e-06,-0.0095876456039296,0.2059973848042801
1.097474694367051e-05,-0.0077646776676614,-1.005066521362263
1.3702063452414316e-05,-0.0085543536541001,0.6215119459762962
1.321889608907334e-05,-0.0086388959859702,0.1933535032124342
9.534082600848317e-06,-0.0088726898878563,0.0241154036009559
1.2667976417080062e-05,-0.0091387017865962,-0.2042528429452361
1.2143414647614035e-05,-0.0096413037985658,0.055166753826048
5.823945184953112e-06,-0.0045909651401736,0.1125197781723364
1.52309101122959e-05,-0.0079417570128076,0.2922978150564332
1.3548418258834642e-05,-0.0082207881025074,0.0961191519235612
7.887187426502962e-06,-0.0073305814221538,0.0478657111558944
8.213170451631946e-06,-0.0060301131840545,0.2804363505020497
